,carID,price
0,13207,31995
1,17314,7700
2,12342,58990
3,13426,12999
4,16004,16990
5,18964,40890
6,17053,25990
7,19021,41980
8,17429,25490
9,16726,3491
10,17081,13750
11,18995,17999
12,13055,46050
13,12510,20498
14,13430,22750
15,19049,16000
16,17822,6890
17,16655,31269
18,18480,25998
19,16270,17999
20,14435,37500
21,13161,4995
22,12817,17950
23,12857,13495
24,13738,5475
25,18374,23000
26,13105,18640
27,15122,41606
28,17363,10498
29,16597,12912
30,15848,20399
31,15114,20999
32,13714,21998
33,14648,49950
34,13750,18995
35,13995,16490
36,15017,11850
37,14255,26090
38,18540,15650
39,13827,17800
40,12626,17590
41,17894,14495
42,16871,42995
43,13987,49991
44,14061,21498
45,12573,7724
46,15725,12995
47,15629,29990
48,18127,29998
49,13957,50786
50,13304,19948
51,12774,12990
52,12733,16999
53,19535,34390
54,12144,27500
55,16299,27498
56,13920,22490
57,19103,5475
58,17287,18995
59,17146,12998
60,18095,12298
61,18554,20995
62,12271,18690
63,16431,6790
64,18935,15999
65,12864,5990
66,19110,20000
67,18626,20950
68,14590,7795
69,18512,22000
70,14983,6775
71,18999,9995
72,15719,19999
73,15162,49980
74,18468,15998
75,17832,25998
76,13321,18390
77,15401,24945
78,16001,20500
79,13112,14998
80,12567,57870
81,12366,46980
82,17137,9498
83,12304,13965
84,15538,27890
85,14711,6795
86,14728,13400
87,18636,24295
88,17353,22290
89,18198,16000
90,16125,17200
91,16182,12000
92,14106,42489
93,12516,7450
94,15589,23795
95,17108,36790
96,15995,19199
97,17306,27000
98,15389,17000
99,17200,5995
100,16250,15599
101,17633,26000
102,12751,30995
103,16375,52888
104,14138,20499
105,19006,9999
106,13168,4495
107,12962,10000
108,13937,11500
109,14085,15979
110,14766,17100
111,14970,10275
112,18264,15298
113,16053,51402
114,14282,69994
115,17578,16459
116,12959,3595
117,14635,23995
118,15032,22999
119,19005,18500
120,13177,19952
121,18255,8850
122,14720,25000
123,17624,16250
124,14174,17958
125,13816,16990
126,19544,14498
127,19165,37790
128,16138,17898
129,16606,13490
130,13514,16781
131,15644,33990
132,16918,13300
133,18085,135124
134,13226,33290
135,16908,5995
136,14628,33450
137,12058,24000
138,16049,18500
139,14951,15495
140,17375,46000
141,17153,17299
142,15618,16799
143,12237,13650
144,15590,24500
145,16631,19200
146,13486,20795
147,12712,12998
148,19392,16299
149,16328,17495
150,12198,76970
151,18013,24690
152,15711,19899
153,18094,11000
154,17638,30700
155,16418,11795
156,17341,19990
157,12466,34399
158,18571,15199
159,16449,7280
160,19133,48000
161,18228,21495
162,14031,14075
163,14233,19500
164,15137,47890
165,16284,29399
166,15868,11999
167,17964,7495
168,13289,19750
169,19266,46795
170,19588,27994
171,14704,17999
172,17741,17500
173,17237,11891
174,17034,14990
175,12856,17995
176,19143,32970
177,14566,53990
178,17941,9185
179,12741,17900
180,13910,12498
181,18166,9475
182,12679,13995
183,17823,25390
184,12616,17000
185,14906,23994
186,19480,38343
187,12404,21150
188,14654,8485
189,12051,28995
190,16714,26999
191,19494,20480
192,17444,22000
193,16879,8299
194,17522,6985
195,18082,17390
196,19058,14800
197,16026,16490
198,13200,4650
199,13675,8189
200,12640,10499
201,12978,20842
202,14076,109995
203,14577,39480
204,13575,15990
205,18682,52700
206,18078,56000
207,18478,15999
208,19141,28675
209,16974,67989
210,16006,44950
211,12653,6688
212,16813,20750
213,16936,39950
214,14033,18998
215,18363,9240
216,16900,19999
217,18025,15990
218,13848,25460
219,16208,48995
220,13841,13490
221,14265,3990
222,18586,9500
223,12925,18999
224,18548,34000
225,12493,10400
226,18806,17995
227,14276,32000
228,18194,7990
229,17162,36999
230,18698,24998
231,12646,17000
232,18259,9499
233,16487,23995
234,17871,14500
235,12207,9795
236,14600,16299
237,15106,34900
238,16533,15940
239,19146,28990
240,18894,27900
241,13800,17750
242,18243,5300
243,15659,13750
244,18780,18000
245,18933,20000
246,14400,10941
247,13598,54900
248,16243,26922
249,19046,18150
250,14995,17990
251,16156,19995
252,12780,44990
253,17230,13998
254,19154,20950
255,17170,19498
256,14155,19495
257,17308,41999
258,13255,29998
259,14311,42460
260,19393,22990
261,12301,17650
262,18687,8790
263,17760,31888
264,14908,26995
265,13431,24990
266,18937,84496
267,18506,13981
268,19464,23400
269,14547,19490
270,16274,14500
271,15587,23000
272,16201,16991
273,15510,33791
274,17859,37980
275,14084,25995
276,12842,22795
277,18313,12295
278,13822,22000
279,13743,42490
280,15657,35480
281,13428,4391
282,16488,11998
283,17023,16495
284,15880,37991
285,16626,53995
286,18385,6995
287,19302,31720
288,19063,14999
289,16416,17995
290,19186,14382
291,12421,34950
292,15939,10712
293,14971,27450
294,16249,14972
295,16100,42900
296,14801,4500
297,18138,36950
298,17046,12995
299,12084,15490
300,18661,56400
301,17430,34000
302,16752,33999
303,19529,5495
304,15544,13522
305,12997,22511
306,15560,15495
307,16273,20000
308,13104,4995
309,16336,9000
310,15333,64999
311,18089,35995
312,17874,5666
313,19347,16250
314,17270,13000
315,14902,10480
316,15948,31999
317,18075,27990
318,16060,22500
319,18851,10995
320,18556,31000
321,15116,18490
322,12261,12490
323,18981,15990
324,17093,32995
325,14652,8990
326,16202,71995
327,18517,9490
328,16598,17995
329,16333,18000
330,16002,33000
331,18163,18500
332,12150,44500
333,12036,7995
334,19622,12998
335,13578,4990
336,15531,43495
337,14617,36980
338,14686,9475
339,12797,49499
340,15425,11000
341,12794,45990
342,16440,20500
343,13691,30580
344,15330,16725
345,18652,6998
346,12066,21591
347,18199,5945
348,18943,7050
349,15387,10698
350,19546,9660
351,17459,4998
352,17785,12370
353,15526,13500
354,14113,48995
355,14542,20995
356,14849,61797
357,17340,31723
358,17299,13300
359,16997,9625
360,14938,10495
361,15673,63806
362,19599,6190
363,16773,14750
364,16185,14750
365,18382,20999
366,16283,7298
367,18351,22000
368,12498,12298
369,12696,14795
370,15932,18498
371,12433,34495
372,13724,1985
373,17484,11180
374,19253,15995
375,15676,3195
376,13404,13295
377,13559,35995
378,12262,12444
379,13917,19000
380,16736,18698
381,14074,11995
382,14269,19499
383,16946,9995
384,16451,24500
385,17210,25995
386,14949,47498
387,17696,3499
388,15735,21995
389,12021,41632
390,12527,48990
391,18466,13999
392,13123,19991
393,12409,64980
394,13657,10995
395,15340,7785
396,15488,1995
397,14283,16438
398,16547,52490
399,12700,7750
400,14539,9498
401,14534,3195
402,17820,57970
403,17048,20000
404,12061,5899
405,16193,3999
406,13097,9422
407,14914,26980
408,18115,7298
409,17082,38572
410,19001,9000
411,17077,20498
412,12395,4430
413,19035,23750
414,12809,64990
415,12725,36498
416,16628,25990
417,18866,19950
418,12814,14000
419,13405,29995
420,12317,10000
421,13474,13795
422,16623,20100
423,15468,8489
424,15328,18500
425,19234,34930
426,18639,49999
427,16518,9599
428,16179,37790
429,12535,51000
430,12813,19099
431,15355,27500
432,13711,13495
433,18293,25490
434,19473,25490
435,14786,20590
436,13507,40999
437,16369,34995
438,13844,61948
439,18743,38975
440,16741,44995
441,15747,23999
442,12588,8298
443,16632,16798
444,19540,19748
445,18402,15490
446,12952,10495
447,17772,15490
448,13685,28622
449,19029,12498
450,13899,24995
451,12377,30900
452,17577,34490
453,12966,14498
454,19605,7995
455,12760,20995
456,14285,16495
457,15149,12495
458,15573,12000
459,15392,21999
460,14807,52999
461,13232,18350
462,17243,21498
463,12519,9491
464,18701,16500
465,14425,52422
466,15887,27750
467,16556,35400
468,16412,33850
469,18872,20000
470,12987,26490
471,13564,18588
472,15743,28965
473,13247,14990
474,17842,19300
475,17604,27995
476,12935,69948
477,13296,63999
478,12164,47980
479,18739,43898
480,12489,10498
481,19418,4990
482,18649,30999
483,14041,21700
484,18225,5495
485,15024,55890
486,18621,26990
487,13540,17000
488,17763,14998
489,16245,13998
490,15159,35995
491,16441,35000
492,13949,17990
493,13246,16995
494,18246,30495
495,15087,19500
496,18675,34995
497,18645,24499
498,12718,19999
499,17599,15998
500,16982,9795
501,13128,17950
502,17110,39799
503,16637,25945
504,18316,38990
505,17503,9750
506,17705,18998
507,12613,8991
508,14979,8750
509,14289,45550
510,14363,12000
511,12394,19750
512,18492,18990
513,17296,26995
514,13533,15975
515,15913,32280
516,19316,69995
517,13784,26995
518,15829,51540
519,12969,15000
520,13613,19999
521,15040,15362
522,13680,26490
523,12455,45400
524,17512,13440
525,18563,17250
526,18534,16950
527,19284,139948
528,14142,8495
529,16382,30990
530,18594,15490
531,17765,10499
532,12644,11292
533,19504,38995
534,13196,12995
535,13380,32397
536,15115,35845
537,15918,21998
538,14007,27990
539,17783,14485
540,19356,4591
541,12875,67600
542,18158,10775
543,13451,15000
544,15956,28995
545,19202,72500
546,15919,9995
547,19000,12245
548,13648,15998
549,14838,16700
550,14959,16295
551,18543,5990
552,18818,5290
553,18946,54990
554,14353,16991
555,19081,34980
556,14845,12500
557,17391,7995
558,15881,18495
559,17492,13480
560,15771,20749
561,18423,20998
562,12625,43990
563,13977,1490
564,17227,9499
565,19248,18995
566,14460,69990
567,12022,10590
568,18357,41980
569,13030,17650
570,16456,6499
571,13941,21499
572,18155,21400
573,15121,40000
574,17489,1990
575,19574,25500
576,13511,37995
577,15557,20498
578,16173,10998
579,13080,9990
580,12175,52995
581,16934,20995
582,16528,18999
583,12835,21502
584,17477,15998
585,19587,39950
586,15090,13000
587,15841,20950
588,17017,14495
589,19095,2350
590,13870,22999
591,14271,15000
592,15026,26500
593,13363,28900
594,15319,41962
595,12369,27300
596,18334,58500
597,14678,10495
598,16296,41945
599,17300,39500
600,14881,63990
601,12398,9980
602,13436,29197
603,13874,47980
604,16760,39999
605,14148,69950
606,19413,23498
607,13748,12750
608,13111,22295
609,12302,52850
610,18861,9126
611,18186,11495
612,15140,27498
613,13410,43899
614,16986,23970
615,18801,20000
616,18373,28490
617,13529,40000
618,16745,8999
619,14209,17485
620,13429,18495
621,13864,46000
622,19399,33990
623,13568,25995
624,16228,9975
625,15554,14899
626,17676,9680
627,15054,32249
628,17019,13500
629,15937,8000
630,14125,15870
631,19109,19495
632,14621,28495
633,19126,19990
634,12464,20899
635,12502,11998
636,14227,29491
637,12820,47995
638,12249,23999
639,13891,15498
640,13018,3295
641,16315,11295
642,14329,32900
643,16045,9295
644,17054,18400
645,18852,10995
646,12106,32000
647,13239,9999
648,16364,14980
649,13187,6995
650,19470,14199
651,19130,29941
652,13576,39995
653,17591,19689
654,13399,6451
655,12251,79991
656,17784,15995
657,18718,17495
658,13849,15995
659,19516,25999
660,17084,10498
661,12532,17489
662,18280,16700
663,12572,12770
664,16620,54975
665,19015,14980
666,17815,35850
667,16739,26000
668,15192,26498
669,14746,28990
670,15984,22450
671,13054,15985
672,15553,5495
673,15902,14900
674,12358,16250
675,18510,42248
676,14869,16980
677,17752,11990
678,14774,64789
679,15459,59950
680,16054,12210
681,15370,19000
682,14595,50850
683,18605,48642
684,15432,51000
685,16428,28000
686,19458,36990
687,12664,18670
688,17548,23999
689,19246,23780
690,18399,11100
691,14947,8595
692,15596,20099
693,19041,29495
694,19359,34999
695,19396,8998
696,19252,9588
697,17786,17650
698,16685,54995
699,19617,34000
700,12607,22890
701,13455,22990
702,17359,7998
703,19118,19500
704,18430,9191
705,17569,6940
706,16473,23980
707,17922,24495
708,16039,20498
709,16088,44491
710,17451,46532
711,19226,5499
712,13292,12495
713,18222,14499
714,16051,11500
715,17974,34979
716,17796,10995
717,18101,35995
718,17729,12998
719,17086,21995
720,17261,10850
721,17437,26899
722,14340,35850
723,15900,6995
724,13318,12295
725,17682,17680
726,18781,32599
727,19120,12990
728,14490,39980
729,13139,10799
730,12393,6750
731,12905,15000
732,14860,27500
733,17121,20498
734,15945,24995
735,15016,19995
736,14705,66988
737,12983,40480
738,15034,34000
739,16807,60000
740,19097,5998
741,18322,23256
742,12924,93499
743,13485,23999
744,16553,39990
745,13466,49995
746,18365,33990
747,15837,14694
748,18364,67699
749,19463,13875
750,18910,15998
751,12828,28500
752,16850,70995
753,14739,9499
754,13605,25165
755,18047,48790
756,12587,5990
757,15334,46220
758,14258,5200
759,18346,7298
760,19188,18600
761,14390,28990
762,17770,11700
763,15874,25499
764,18562,33498
765,18289,23498
766,16183,46002
767,14751,17000
768,16020,7995
769,17260,10800
770,13394,10998
771,16868,8899
772,13971,52990
773,12844,33998
774,18304,20000
775,14673,11495
776,12135,24695
777,12177,14990
778,13026,44888
779,16931,21795
780,17438,39500
781,17384,6500
782,18375,17500
783,13211,14000
784,12638,10185
785,16041,9781
786,19071,10277
787,13127,47480
788,16047,15995
789,13725,5192
790,13740,6695
791,12011,25995
792,14486,14302
793,14689,5113
794,15813,55156
795,16618,15240
796,17650,17250
797,17643,14000
798,12499,50395
799,12132,23990
800,13492,17950
801,16744,19900
802,12414,11598
803,15352,22260
804,14662,11999
805,15433,41530
806,15705,17995
807,17835,43785
808,12244,17991
809,17678,43990
810,17554,32990
811,15191,49000
812,15033,56000
813,13608,36490
814,14867,15698
815,18547,16500
816,14014,17900
817,16142,25640
818,13356,16499
819,13723,20625
820,14342,11495
821,18569,25000
822,13737,14299
823,17547,20000
824,12335,42995
825,17593,11995
826,18426,17000
827,16851,32570
828,19364,54561
829,14392,18480
830,15504,54991
831,19273,11549
832,12906,6500
833,18145,41986
834,12140,16500
835,16979,21769
836,16805,10990
837,12628,9795
838,13037,15999
839,12296,6645
840,18990,33450
841,17855,18999
842,18519,13998
843,16755,13795
844,14171,31000
845,17812,58700
846,15013,18595
847,17965,4498
848,15395,14495
849,17226,56995
850,16728,9280
851,14663,2495
852,17337,21948
853,15953,11600
854,14826,53995
855,17462,31500
856,17775,17999
857,14606,8000
858,14918,34990
859,14923,20990
860,13065,21770
861,15783,17498
862,16171,9698
863,16668,23999
864,15822,18995
865,13461,8498
866,19221,13998
867,19106,5000
868,14894,18495
869,15758,57752
870,19191,10998
871,19608,17999
872,19160,19995
873,13294,11485
874,15217,137995
875,16909,18994
876,17286,16000
877,18913,27981
878,16019,34490
879,15111,21000
880,18281,30298
881,18405,25000
882,18088,9495
883,18452,38990
884,15190,38999
885,16565,20700
886,13411,44980
887,16729,13950
888,12010,27998
889,13310,46980
890,17098,15490
891,13979,21995
892,12253,47999
893,12297,30999
894,14389,8000
895,13175,14600
896,16894,32998
897,18229,15990
898,18892,23997
899,16616,30500
900,19082,11995
901,15952,16280
902,17130,15395
903,15819,25495
904,12719,11503
905,18414,18595
906,19482,47995
907,18893,17998
908,12586,49995
909,16007,10499
910,16722,67109
911,16640,31870
912,15185,19798
913,19465,39900
914,14669,13998
915,14312,34495
916,14429,33991
917,12654,25650
918,16108,7999
919,18473,37980
920,14794,29280
921,17623,16250
922,13993,22798
923,19213,18450
924,12537,18000
925,12578,19495
926,12624,8991
927,13357,25590
928,12956,33999
929,13686,5950
930,13902,9495
931,12108,59990
932,16677,52995
933,18868,33490
934,15331,14995
935,13229,10000
936,18665,44898
937,19220,21400
938,17708,20999
939,13061,19998
940,17479,33950
941,17550,9695
942,18840,6975
943,18619,32550
944,18673,3495
945,13887,33990
946,13807,33500
947,18559,22250
948,17194,28995
949,15177,43950
950,17497,58995
951,12006,14000
952,15845,7891
953,13799,10899
954,17685,19000
955,14922,20995
956,14626,10950
957,17926,17995
958,12143,9698
959,12524,47899
960,12682,19770
961,14397,15000
962,14517,15289
963,16164,14274
964,16474,9628
965,13876,10730
966,17616,18750
967,17217,25500
968,16964,5495
969,19545,18999
970,14225,16980
971,13846,55485
972,14769,54500
973,18778,12750
974,13661,29990
975,19378,13200
976,14066,24000
977,15924,14988
978,12275,16480
979,18734,24900
980,12286,16600
981,14831,6826
982,16875,29900
983,17089,27825
984,13302,22950
985,14000,137500
986,19527,55980
987,15154,8490
988,18380,18990
989,16638,30990
990,14335,10495
991,16799,54999
992,14266,19998
993,15238,9490
994,13982,31990
995,15458,18500
996,14146,26490
997,15721,11999
998,14750,59995
999,16738,46995
1000,13342,16640
1001,16420,56450
1002,13307,9790
1003,12163,27998
1004,16374,13330
1005,17362,15990
1006,12637,10698
1007,15472,24000
1008,18390,44500
1009,15796,20000
1010,18099,49995
1011,17409,5695
1012,12120,19995
1013,16247,23700
1014,19034,14995
1015,14432,63950
1016,14679,19795
1017,15917,9797
1018,13871,24899
1019,13761,13998
1020,12879,19998
1021,18805,39999
1022,13532,19499
1023,17229,7995
1024,13372,12990
1025,18689,13998
1026,15882,25000
1027,14131,43990
1028,12901,9250
1029,18349,41376
1030,19345,16995
1031,19128,10998
1032,18061,9999
1033,16943,12991
1034,19012,13437
1035,16672,39999
1036,14953,13000
1037,18002,19700
1038,18702,13999
1039,19481,35694
1040,13974,18790
1041,12236,1990
1042,16865,49800
1043,13390,16500
1044,16956,9998
1045,17555,18999
1046,17119,8340
1047,17157,6700
1048,15816,21200
1049,17773,15598
1050,14765,10500
1051,13261,11495
1052,12606,49990
1053,15421,17400
1054,12800,38489
1055,17854,4999
1056,12200,17999
1057,19379,14995
1058,18676,8750
1059,15358,7599
1060,14641,16995
1061,15786,14400
1062,12078,20480
1063,12272,18500
1064,13264,18000
1065,16400,29990
1066,17800,13791
1067,12441,32800
1068,17402,104590
1069,18959,28999
1070,17645,17000
1071,13572,15117
1072,13999,9965
1073,15977,19965
1074,16749,7699
1075,15442,47400
1076,14272,17500
1077,15164,16498
1078,16014,54550
1079,17326,17995
1080,14050,23740
1081,15772,25000
1082,17557,13496
1083,12914,39500
1084,19032,31113
1085,17488,40399
1086,14754,8495
1087,16357,10500
1088,16829,35995
1089,17050,32980
1090,12118,16995
1091,13506,32495
1092,18752,63099
1093,13706,11490
1094,15797,18990
1095,16550,8495
1096,19115,30000
1097,15113,15995
1098,12643,9950
1099,16169,8500
1100,13571,22475
1101,15108,32490
1102,13520,45995
1103,15613,17599
1104,19205,13990
1105,14544,42888
1106,14032,20999
1107,17312,15998
1108,13545,4290
1109,15682,27995
1110,13467,19199
1111,12194,27990
1112,15713,54990
1113,19404,16299
1114,13881,15690
1115,16032,18990
1116,13237,12400
1117,19210,27998
1118,16484,5980
1119,19024,8495
1120,16958,48990
1121,13656,54490
1122,12454,11995
1123,17619,41990
1124,13060,4995
1125,12215,7970
1126,18460,27599
1127,14793,10600
1128,18187,19500
1129,18954,46480
1130,13376,5000
1131,16470,10000
1132,18812,25950
1133,18856,45000
1134,15567,59973
1135,18270,20490
1136,15947,43499
1137,14580,12995
1138,14231,13995
1139,16678,19498
1140,15344,850
1141,13243,25995
1142,14200,2975
1143,14871,61854
1144,15158,45636
1145,18192,21999
1146,12693,42000
1147,14249,16299
1148,16549,17299
1149,13107,48000
1150,19061,24000
1151,15730,14728
1152,18069,46895
1153,15723,12990
1154,18583,12995
1155,14917,32290
1156,12577,56996
1157,18406,10700
1158,17136,50390
1159,18794,2195
1160,12845,18894
1161,16511,12000
1162,13213,13990
1163,15647,11645
1164,14247,12998
1165,13990,3491
1166,17177,9065
1167,14369,36500
1168,18591,23498
1169,12278,31995
1170,14561,23650
1171,16175,36390
1172,18746,1200
1173,13996,18979
1174,14484,15990
1175,13659,26995
1176,18161,24999
1177,16704,14985
1178,14620,13990
1179,17009,39990
1180,16286,14591
1181,12089,34950
1182,18732,59991
1183,12543,19990
1184,17376,5995
1185,12110,13590
1186,13821,27990
1187,15486,8311
1188,15821,3990
1189,16771,4500
1190,18303,20800
1191,13704,38995
1192,14783,1954
1193,18338,20699
1194,15293,9000
1195,19033,37970
1196,12098,4490
1197,14511,14500
1198,13450,9295
1199,18333,20495
1200,18271,8490
1201,18434,29490
1202,13334,32450
1203,19040,9791
1204,14655,18795
1205,19069,27998
1206,19155,41495
1207,15791,5999
1208,15246,8990
1209,16578,7795
1210,19337,28944
1211,15363,2295
1212,15895,10998
1213,17734,12850
1214,17979,23995
1215,16285,27990
1216,14772,15995
1217,17947,9798
1218,13459,7994
1219,13826,44990
1220,18637,36495
1221,17169,28995
1222,18440,38950
1223,12121,25499
1224,17520,20595
1225,19489,33490
1226,18457,13887
1227,12758,6975
1228,12161,20990
1229,16457,21980
1230,12929,15601
1231,19280,48896
1232,15604,17999
1233,17988,17995
1234,19339,23990
1235,17583,19999
1236,18699,48499
1237,14990,17990
1238,12125,28995
1239,16089,13498
1240,13819,21501
1241,17208,29990
1242,16818,8298
1243,18499,16499
1244,17908,54999
1245,13911,2995
1246,16967,39990
1247,12834,25820
1248,16146,15998
1249,14239,53750
1250,15916,20799
1251,13475,10290
1252,12593,31895
1253,16248,15795
1254,15537,14498
1255,15268,26880
1256,13948,8590
1257,15223,11355
1258,12913,10990
1259,16852,46995
1260,17818,16750
1261,16735,11700
1262,18206,16990
1263,13117,48998
1264,18660,21900
1265,17452,24480
1266,12197,8495
1267,19125,17999
1268,14015,20000
1269,12445,12490
1270,16961,23995
1271,12699,7195
1272,13965,18990
1273,13499,23750
1274,19496,9995
1275,13075,6995
1276,17480,58940
1277,13029,1550
1278,15254,24498
1279,12461,11498
1280,17790,8995
1281,13021,3950
1282,17688,28995
1283,13154,46000
1284,13217,11985
1285,18453,34990
1286,19311,33998
1287,15402,33870
1288,17720,11000
1289,17403,16990
1290,13502,15965
1291,19031,16700
1292,13715,9450
1293,15435,8995
1294,18679,3990
1295,14659,18450
1296,14362,52950
1297,16558,10990
1298,14558,20000
1299,18068,8250
1300,12934,11485
1301,19321,7885
1302,14263,6499
1303,19303,8998
1304,13322,16500
1305,18156,16750
1306,14569,17732
1307,18992,13400
1308,13494,33000
1309,19093,23552
1310,13415,42989
1311,15180,25000
1312,14613,39999
1313,18666,31198
1314,13137,10500
1315,12282,28975
1316,18424,19998
1317,17441,26191
1318,19241,7930
1319,12413,3000
1320,17112,16999
1321,12799,59900
1322,12688,7190
1323,17821,13988
1324,12440,14499
1325,17841,17699
1326,12568,5595
1327,17887,17998
1328,19610,37495
1329,15390,27995
1330,15273,21998
1331,18352,55890
1332,14977,32995
1333,13632,18990
1334,17840,7298
1335,15060,15500
1336,13025,24500
1337,18715,64400
1338,16128,12490
1339,14045,25990
1340,15187,18999
1341,14062,25200
1342,14499,12298
1343,12214,10500
1344,14733,67109
1345,18877,83995
1346,16823,14400
1347,13482,13495
1348,17697,19500
1349,13483,5975
1350,12900,9500
1351,12953,28500
1352,14824,32500
1353,14975,12650
1354,12707,19723
1355,12068,29999
1356,18896,16990
1357,17502,10200
1358,16765,15995
1359,14315,18700
1360,17579,17500
1361,16592,7985
1362,18063,35995
1363,17361,19990
1364,15865,28490
1365,18909,23950
1366,17625,9990
1367,13325,20999
1368,12883,12751
1369,14563,13495
1370,17670,18299
1371,14584,14698
1372,17106,9398
1373,17722,19480
1374,19225,16500
1375,12077,36450
1376,16153,9950
1377,17198,19995
1378,12634,42999
1379,18659,9891
1380,12242,47995
1381,15810,41499
1382,19056,57991
1383,16115,4990
1384,14683,13200
1385,19369,6580
1386,19145,12995
1387,14385,20491
1388,18226,49950
1389,19233,27700
1390,15071,56000
1391,17626,15499
1392,15279,22099
1393,15068,18545
1394,15729,18490
1395,14969,37495
1396,13516,34269
1397,13132,5990
1398,19268,11176
1399,14405,29998
1400,17032,20699
1401,14132,4290
1402,15074,24500
1403,13739,26500
1404,16990,7985
1405,17917,4775
1406,14024,17150
1407,14252,29950
1408,13176,11390
1409,17178,8773
1410,15118,16000
1411,13886,47480
1412,19176,8690
1413,14492,23980
1414,15812,22995
1415,12195,15490
1416,19047,15750
1417,16603,18500
1418,14491,43500
1419,15555,4990
1420,15426,26990
1421,12483,17995
1422,15728,23998
1423,12922,22950
1424,13038,14998
1425,12846,26998
1426,12816,8690
1427,15601,3895
1428,14578,29995
1429,16111,22250
1430,19395,1695
1431,18589,22670
1432,17096,13798
1433,17861,39263
1434,19098,38500
1435,13095,29730
1436,18557,67990
1437,19059,17480
1438,12308,19999
1439,13254,16000
1440,13961,42450
1441,18003,20950
1442,13271,14995
1443,16688,9995
1444,13056,9690
1445,19278,5399
1446,19209,26995
1447,14040,8199
1448,19042,38950
1449,17673,17495
1450,12824,42900
1451,12205,27989
1452,15580,19498
1453,16083,7627
1454,12808,24500
1455,12484,14980
1456,19570,7000
1457,13205,1995
1458,19629,21333
1459,18124,32000
1460,19320,16999
1461,19203,5490
1462,14320,12990
1463,17513,23500
1464,18121,18999
1465,16870,16000
1466,18599,18498
1467,18238,26950
1468,18804,38500
1469,17880,42999
1470,12783,13798
1471,15695,14990
1472,17499,24990
1473,18140,20200
1474,17897,38500
1475,12661,20750
1476,12739,16199
1477,15685,6990
1478,16391,7790
1479,17421,2999
1480,15724,7340
1481,16143,46000
1482,13162,21750
1483,18708,14086
1484,13779,16500
1485,18914,3995
1486,15255,20000
1487,18592,26990
1488,19227,17979
1489,14290,21950
1490,16686,12991
1491,12165,19995
1492,16576,24622
1493,12592,20000
1494,16781,76990
1495,15245,13800
1496,13491,38990
1497,15637,8690
1498,13560,6999
1499,18508,4500
1500,14053,19995
1501,13005,40532
1502,17665,33991
1503,16930,11995
1504,14603,15393
1505,12416,10895
1506,12030,11498
1507,14284,32990
1508,17382,14840
1509,19604,3495
1510,12724,45990
1511,13616,19500
1512,13567,15000
1513,13638,7777
1514,17088,23999
1515,14541,19303
1516,12188,32489
1517,16937,61795
1518,18113,21469
1519,14559,58900
1520,18309,20390
1521,13942,20499
1522,15658,29350
1523,17373,31680
1524,13538,34490
1525,19025,16990
1526,16137,53995
1527,12921,10399
1528,14790,40990
1529,12650,5990
1530,17304,48750
1531,18131,60849
1532,17885,30000
1533,17750,12999
1534,18023,61990
1535,15139,21498
1536,18416,32950
1537,15794,7495
1538,16367,9795
1539,18081,20890
1540,18294,8999
1541,17706,9480
1542,18536,24310
1543,16866,25990
1544,13641,19300
1545,16075,10000
1546,14047,20995
1547,12491,5500
1548,18771,28990
1549,12730,28980
1550,14223,39990
1551,15643,28995
1552,17413,33995
1553,18600,32000
1554,12113,25498
1555,12053,20248
1556,17827,4490
1557,16281,48482
1558,13067,8495
1559,16131,6450
1560,17268,3950
1561,15215,24000
1562,18459,12699
1563,12240,12240
1564,13888,7999
1565,16689,4995
1566,12293,7495
1567,17345,5495
1568,16515,18990
1569,13946,22998
1570,14380,50388
1571,12269,35495
1572,13801,9999
1573,16621,14990
1574,12408,10800
1575,16874,28990
1576,13637,19289
1577,17428,15995
1578,15474,8000
1579,17935,13999
1580,12009,49991
1581,12667,14000
1582,19542,16990
1583,14324,32000
1584,17396,16130
1585,13131,32990
1586,17713,24895
1587,19334,29999
1588,13141,64999
1589,18590,7599
1590,17531,5995
1591,17952,20431
1592,19575,27498
1593,16276,16850
1594,16491,47990
1595,18149,21495
1596,13203,7970
1597,16666,33900
1598,18408,5295
1599,14117,32980
1600,13094,17400
1601,18786,9491
1602,16194,39995
1603,14075,15700
1604,19142,9998
1605,15577,15299
1606,19207,12950
1607,19089,8495
1608,13818,10998
1609,15049,11000
1610,17987,20000
1611,14795,22000
1612,18784,26990
1613,18891,57995
1614,14461,24989
1615,18939,14995
1616,15678,16995
1617,19039,16499
1618,19114,15985
1619,18751,15299
1620,14753,9490
1621,15914,10800
1622,18885,10495
1623,17024,32149
1624,14520,29998
1625,19344,28950
1626,17282,20353
1627,14989,20000
1628,14593,22490
1629,12202,22500
1630,14376,32990
1631,14202,8199
1632,14378,18950
1633,18871,10500
1634,18035,3750
1635,13053,12200
1636,18125,8940
1637,19159,13991
1638,18111,9995
1639,17431,4199
1640,18277,55450
1641,19326,39792
1642,12806,18950
1643,15564,58988
1644,19525,18499
1645,18501,43999
1646,16634,25498
1647,13803,17495
1648,18284,11240
1649,19140,22750
1650,12674,11000
1651,12281,23950
1652,15802,16291
1653,13259,13798
1654,15635,22000
1655,17052,24395
1656,12885,15498
1657,14213,20891
1658,19119,21485
1659,15525,20499
1660,12837,22000
1661,16132,40990
1662,17933,14990
1663,17022,37999
1664,18209,17490
1665,17131,29000
1666,12752,2095
1667,16271,18700
1668,15503,14799
1669,15980,17980
1670,12550,9995
1671,13548,7298
1672,16716,36999
1673,15143,24998
1674,13852,16930
1675,13233,33990
1676,12345,65990
1677,14963,12998
1678,15133,31498
1679,16178,13995
1680,16708,73890
1681,13510,43991
1682,15897,13200
1683,18107,40495
1684,17072,9795
1685,15456,19995
1686,12656,59995
1687,12137,3950
1688,17629,45450
1689,15997,28000
1690,13323,19990
1691,14336,4800
1692,16636,39985
1693,12090,15800
1694,18742,72430
1695,12080,25450
1696,12092,9301
1697,17241,34890
1698,16809,22990
1699,19070,47000
1700,19502,10995
1701,13609,2491
1702,14086,44500
1703,14550,28999
1704,13369,19290
1705,12910,15995
1706,19231,3850
1707,18596,24250
1708,13157,13700
1709,17951,24998
1710,16402,13995
1711,12764,8100
1712,12315,36995
1713,13091,26394
1714,18203,36900
1715,14115,19298
1716,14702,8995
1717,16419,46500
1718,13469,41970
1719,18332,26995
1720,16117,19495
1721,16387,15498
1722,14108,28995
1723,12055,25780
1724,16013,12947
1725,12753,8993
1726,13092,38000
1727,17011,14500
1728,15265,32500
1729,12749,27490
1730,15498,20500
1731,15876,31990
1732,18241,4990
1733,12571,22788
1734,19305,19998
1735,19129,76990
1736,13317,25000
1737,16114,10080
1738,13068,34221
1739,14250,38985
1740,13923,12495
1741,14810,13957
1742,16651,42888
1743,13008,60995
1744,17662,28500
1745,16155,7495
1746,12963,10695
1747,17613,11998
1748,19323,26587
1749,13646,7700
1750,16998,37900
1751,13252,9495
1752,18223,20950
1753,15398,10490
1754,19224,19875
1755,19074,32950
1756,18521,20870
1757,15903,34995
1758,16058,41000
1759,13528,29995
1760,12967,8800
1761,12112,7999
1762,13658,12500
1763,18616,59949
1764,19585,3990
1765,15770,18765
1766,13970,125000
1767,17698,38861
1768,13121,10595
1769,17059,16495
1770,12462,9295
1771,18758,17519
1772,16720,10199
1773,13583,11495
1774,14627,20550
1775,16341,9470
1776,16787,69890
1777,12385,79989
1778,14540,21998
1779,15672,24990
1780,18154,17991
1781,12627,33682
1782,12689,19000
1783,15052,11995
1784,14597,10857
1785,14438,19995
1786,17811,11499
1787,18027,8290
1788,12003,22500
1789,12723,26950
1790,13630,34980
1791,16239,12495
1792,13868,11990
1793,19556,7790
1794,16056,66990
1795,14119,39700
1796,18044,18980
1797,18387,19990
1798,19026,25491
1799,18017,46000
1800,16861,67990
1801,17671,34800
1802,13772,59995
1803,13924,53000
1804,16256,36895
1805,19216,33500
1806,17857,29267
1807,15686,20000
1808,12830,17995
1809,12490,11995
1810,14013,23480
1811,18274,7699
1812,15142,19431
1813,15317,18495
1814,15178,15739
1815,18604,13995
1816,18358,17750
1817,17884,20400
1818,17025,47488
1819,13931,19290
1820,14261,22445
1821,12920,19499
1822,19484,13599
1823,13070,13990
1824,19477,54399
1825,13285,17102
1826,13138,25999
1827,14764,5495
1828,16468,19689
1829,16454,13495
1830,17963,7449
1831,18573,11495
1832,14232,8000
1833,19101,15999
1834,18491,8198
1835,17063,24450
1836,16562,19400
1837,13490,33699
1838,14909,32493
1839,16650,20440
1840,13166,12600
1841,14884,17495
1842,16514,13500
1843,13708,22490
1844,18633,22995
1845,12731,60998
1846,16205,7950
1847,17083,17298
1848,17956,8995
1849,12933,19995
1850,16124,11995
1851,18311,11490
1852,18627,13998
1853,12503,19298
1854,15754,58332
1855,17180,24000
1856,13758,17990
1857,13084,22495
1858,18103,33500
1859,18638,47980
1860,17632,36441
1861,18415,20295
1862,17350,23700
1863,18487,18550
1864,13997,12295
1865,14868,52000
1866,18207,11498
1867,18490,5791
1868,14763,46990
1869,17420,8999
1870,13913,14495
1871,18022,57526
1872,17398,11690
1873,13113,22498
1874,15993,12000
1875,17474,37591
1876,12285,7250
1877,19162,35495
1878,16337,45000
1879,19627,14999
1880,13120,12350
1881,17120,26102
1882,14175,18850
1883,14926,11995
1884,12610,17650
1885,15899,15490
1886,18150,42275
1887,15197,13985
1888,12663,17375
1889,15642,34000
1890,17779,44699
1891,19508,5495
1892,12840,51991
1893,14903,22000
1894,18444,94990
1895,18147,14995
1896,18836,79900
1897,14207,29995
1898,15405,11998
1899,13786,16989
1900,14634,15990
1901,18269,14033
1902,16140,11094
1903,14365,20498
1904,17294,24904
1905,16238,7990
1906,13835,11998
1907,12635,109990
1908,14825,16000
1909,16258,10500
1910,16003,19390
1911,13554,6440
1912,19258,13794
1913,16262,12360
1914,15296,11699
1915,19022,51862
1916,12849,27399
1917,18299,56290
1918,13340,17495
1919,16730,10500
1920,14890,29300
1921,15651,44090
1922,13569,58999
1923,16234,12970
1924,17692,18495
1925,18005,17995
1926,13417,4490
1927,17710,18499
1928,15030,7250
1929,19104,22991
1930,15092,37999
1931,18846,15499
1932,17878,21000
1933,17561,18245
1934,14036,37000
1935,17368,16998
1936,12558,17650
1937,12732,13552
1938,18940,12000
1939,15638,6950
1940,14598,4990
1941,16221,8500
1942,12420,27950
1943,18470,25599
1944,15244,16999
1945,19381,8295
1946,16820,19990
1947,15391,28086
1948,14828,14999
1949,19390,45699
1950,14912,29994
1951,18518,17799
1952,16028,14000
1953,14279,24699
1954,19304,19776
1955,16190,78490
1956,12926,9498
1957,17912,4599
1958,13589,25499
1959,13027,6599
1960,14554,11750
1961,16872,23195
1962,19294,17995
1963,17044,20990
1964,19372,12498
1965,14027,15990
1966,19428,9995
1967,19173,38995
1968,16587,29997
1969,13867,18690
1970,15740,31995
1971,18366,7695
1972,13612,25000
1973,14339,7190
1974,15764,8498
1975,13549,12000
1976,14205,29980
1977,13873,26995
1978,15716,14990
1979,17254,25900
1980,14299,26290
1981,18994,8099
1982,19107,8277
1983,14821,18495
1984,19520,46990
1985,18855,7950
1986,17528,16990
1987,15303,27990
1988,16718,19950
1989,15495,13498
1990,17600,54995
1991,18623,36999
1992,19352,26990
1993,19371,18995
1994,13210,20950
1995,16854,32895
1996,19507,57991
1997,15501,25498
1998,19421,30990
1999,15379,27100
2000,14355,7695
2001,19406,14995
2002,14217,19995
2003,17659,7750
2004,16554,32000
2005,12629,10000
2006,16903,13795
2007,16664,16990
2008,14023,16798
2009,16970,10329
2010,19513,17499
2011,18261,4998
2012,15756,11080
2013,13908,20498
2014,18479,44631
2015,16278,34995
2016,14537,2995
2017,13836,39995
2018,16913,11500
2019,18686,15990
2020,15706,18780
2021,12350,17750
2022,17278,44935
2023,12714,42888
2024,18139,48200
2025,14820,30699
2026,17152,14995
2027,14270,10000
2028,18787,8480
2029,17408,18860
2030,14030,13695
2031,16715,23990
2032,18266,24999
2033,15741,14250
2034,17071,47990
2035,12977,12660
2036,15043,26886
2037,19193,17498
2038,15585,11499
2039,15485,48950
2040,13452,34499
2041,15107,35488
2042,18757,33000
2043,15839,10444
2044,16282,17998
2045,19564,17399
2046,13182,26990
2047,17259,19975
2048,14771,11800
2049,15484,95099
2050,19474,17499
2051,18344,8490
2052,15696,19940
2053,14768,19750
2054,18260,9950
2055,19438,15999
2056,18643,16994
2057,15045,34490
2058,13671,15285
2059,12423,23690
2060,15418,18999
2061,15896,38980
2062,19178,7760
2063,17539,33450
2064,13276,17980
2065,14152,15500
2066,12525,14995
2067,18962,8090
2068,15749,9998
2069,13860,4250
2070,14607,11695
2071,13904,37980
2072,18528,7999
2073,18032,13199
2074,13204,10498
2075,14256,46952
2076,19325,25990
2077,14238,18990
2078,15125,44995
2079,17975,19395
2080,17904,20691
2081,17378,32495
2082,14457,6500
2083,13341,44995
2084,17439,27499
2085,19166,16950
2086,16050,19980
2087,15377,14995
2088,16904,54899
2089,12351,27400
2090,15492,7250
2091,19064,11991
2092,13542,21990
2093,13365,25000
2094,16401,25500
2095,13100,31041
2096,14721,39995
2097,18042,46495
2098,18251,72000
2099,17999,20990
2100,18218,20498
2101,18986,19691
2102,19194,6000
2103,13149,45000
2104,12243,7999
2105,19461,77880
2106,15349,19290
2107,16816,17000
2108,13574,8406
2109,17584,53000
2110,15905,12995
2111,12942,35750
2112,17433,8995
2113,16995,22500
2114,12765,16950
2115,13679,12999
2116,16532,7280
2117,18828,26430
2118,16469,33998
2119,15524,25491
2120,19078,19498
2121,12086,41980
2122,12781,19799
2123,18227,14871
2124,15044,24995
2125,16985,33500
2126,15260,25999
2127,14891,9700
2128,16845,5420
2129,15533,17490
2130,14157,72000
2131,16123,18980
2132,16609,45395
2133,14707,32449
2134,18036,7995
2135,18830,8470
2136,19158,19997
2137,14162,21995
2138,12050,12990
2139,14594,10499
2140,17493,13993
2141,13550,27990
2142,18469,19998
2143,14236,19980
2144,18112,12800
2145,15849,79950
2146,17715,69995
2147,16015,12495
2148,19051,33979
2149,15051,5500
2150,19014,15990
2151,17846,31498
2152,17725,59990
2153,14842,12500
2154,16581,14000
2155,18753,28995
2156,17277,31490
2157,15408,31350
2158,13766,43499
2159,18018,19000
2160,16600,15300
2161,14755,12791
2162,15669,16895
2163,12494,38949
2164,16096,9691
2165,16577,14995
2166,18853,18992
2167,14021,32000
2168,17494,33495
2169,17201,47599
2170,18104,26880
2171,16784,28690
2172,14109,16957
2173,18656,9440
2174,13202,14499
2175,14910,20391
2176,15666,15000
2177,13219,26990
2178,15373,7240
2179,18505,22490
2180,12701,12500
2181,15252,46999
2182,14403,19990
2183,15397,51995
2184,17248,11925
2185,14901,33993
2186,16695,13498
2187,12227,35980
2188,13728,4500
2189,15773,26995
2190,13839,22498
2191,15965,15199
2192,12383,48940
2193,15382,12490
2194,12067,8490
2195,17869,25000
2196,17283,27000
2197,14738,17995
2198,16710,1990
2199,17070,13495
2200,14759,36990
2201,15712,8990
2202,15239,17490
2203,13615,23950
2204,19050,6650
2205,12344,48000
2206,15528,64999
2207,18816,36980
2208,12868,12000
2209,12387,10995
2210,15128,43890
2211,17866,17495
2212,14840,18749
2213,17381,32134
2214,19407,19000
2215,16812,9991
2216,13395,14900
2217,13780,55995
2218,19274,19480
2219,19442,21500
2220,19230,47898
2221,15469,8990
2222,12374,5690
2223,16800,22450
2224,18318,16500
2225,16945,15998
2226,19271,57899
2227,17155,10000
2228,13963,37995
2229,18724,9995
2230,18465,18000
2231,14994,8998
2232,12025,45699
2233,18901,29980
2234,18966,62995
2235,18895,41730
2236,15152,19998
2237,12319,23990
2238,17225,50995
2239,13346,30449
2240,18055,38949
2241,17464,14900
2242,14609,8990
2243,18386,14298
2244,14364,12230
2245,17507,20866
2246,16548,49488
2247,16822,37700
2248,14049,17995
2249,17232,8599
2250,15540,22991
2251,19621,8798
2252,15359,19710
2253,17003,10907
2254,14379,12931
2255,16355,8991
2256,13732,45500
2257,16025,8298
2258,16079,26499
2259,16758,20999
2260,14878,11795
2261,18745,99950
2262,16876,11100
2263,18567,20695
2264,16195,63888
2265,12124,27999
2266,18949,42890
2267,16723,25990
2268,15419,18000
2269,19624,16400
2270,15780,8991
2271,16766,9000
2272,15207,26990
2273,13439,41980
2274,16261,16450
2275,14158,40995
2276,14310,36995
2277,19200,35998
2278,18857,9000
2279,13586,36399
2280,12658,7999
2281,15610,8700
2282,13938,16000
2283,19324,31950
2284,12352,35695
2285,15628,44490
2286,17102,36000
2287,16890,72990
2288,13883,16998
2289,18817,58000
2290,18544,33992
2291,14185,22499
2292,15381,3334
2293,13960,5990
2294,16712,31995
2295,17405,6498
2296,14297,19313
2297,18077,24913
2298,17807,9390
2299,18558,18789
2300,14931,66990
2301,15234,17999
2302,12396,56499
2303,13777,41990
2304,13599,14950
2305,17233,33980
2306,12223,20627
2307,15394,10499
2308,15011,37000
2309,14051,1995
2310,15209,12999
2311,15532,7890
2312,19044,51990
2313,16102,16991
2314,14308,9960
2315,13484,18700
2316,12458,35990
2317,12968,21900
2318,18776,21400
2319,18770,45475
2320,15283,18499
2321,13539,11495
2322,12782,55292
2323,17196,22990
2324,13373,29450
2325,17236,16498
2326,17209,53980
2327,13500,36995
2328,14611,49980
2329,14904,13290
2330,17224,49999
2331,17928,44985
2332,13703,18999
2333,19149,17790
2334,12370,38850
2335,13863,31995
2336,15482,12750
2337,16309,14990
2338,14011,4591
2339,15911,52999
2340,18662,10999
2341,19068,17995
2342,17470,20998
2343,12478,35480
2344,17602,28456
2345,19577,19990
2346,13358,28990
2347,14684,15990
2348,19045,42500
2349,17148,36490
2350,14957,36000
2351,19076,7776
2352,14974,5495
2353,16010,4995
2354,14731,5498
2355,15885,18498
2356,13602,61700
2357,17309,14995
2358,15787,18000
2359,13727,9975
2360,19182,23998
2361,16332,23750
2362,18216,20495
2363,12826,46990
2364,16520,67000
2365,18123,14990
2366,18043,10993
2367,15760,14400
2368,17777,42351
2369,19085,6625
2370,15979,7498
2371,19206,37300
2372,12367,21810
2373,12778,26690
2374,17850,62850
2375,13230,17120
2376,15202,19799
2377,17686,13999
2378,15655,23499
2379,19437,52950
2380,17703,9298
2381,19055,19499
2382,15206,31322
2383,17080,3999
2384,14712,44990
2385,19289,17999
2386,12477,22998
2387,13277,40000
2388,15806,18500
2389,15226,32895
2390,15744,25990
2391,16266,6016
2392,17176,14480
2393,13674,18500
2394,16709,18000
2395,14344,21498
2396,15942,19500
2397,15684,14995
2398,18298,38500
2399,16629,58450
2400,14639,19950
2401,14653,9545
2402,12904,18495
2403,14788,13486
2404,13596,12900
2405,17792,102502
2406,16691,41990
2407,19388,24485
2408,13840,10488
2409,15832,43286
2410,13687,7290
2411,19023,10391
2412,12670,35371
2413,13362,14999
2414,18642,37950
2415,16642,32472
2416,14134,28490
2417,14833,48782
2418,16483,8450
2419,15368,15290
2420,19488,16800
2421,17508,35898
2422,16687,14499
2423,14436,8690
2424,13832,25991
2425,19565,11690
2426,14637,19499
2427,16104,15000
2428,14196,33000
2429,18184,29999
2430,19436,45990
2431,16734,36499
2432,18041,57991
2433,12456,34250
2434,16105,5995
2435,14469,8990
2436,16393,31990
2437,16461,13840
2438,12766,44980
2439,14193,16890
2440,13374,19495
2441,12681,20890
2442,13644,11999
2443,14805,7480
2444,17498,50980
2445,16881,47950
2446,14208,44995
2447,17008,7000
2448,14139,8699
2449,18007,18000
2450,12582,9940
2451,17596,11440
2452,12597,9351
2453,12909,13661
2454,16121,19999
2455,13975,8200
2456,13855,9670
2457,15427,8790
2458,14349,17000
2459,18368,13495
2460,14237,26795
2461,14445,19998
2462,16338,42992
2463,13260,19998
2464,18235,19500
2465,18754,8995
2466,16727,6850
2467,15222,29990
2468,14687,22450
2469,13907,10298
2470,15066,17499
2471,14509,7295
2472,14470,7485
2473,17145,5990
2474,16379,39498
2475,14195,12200
2476,14214,19995
2477,19454,10950
2478,16231,6295
2479,13735,42990
2480,16984,6995
2481,16512,23751
2482,16506,32785
2483,18750,33000
2484,18646,42000
2485,13476,35995
2486,15774,19000
2487,14446,19000
2488,17483,38156
2489,16892,25350
2490,18670,11698
2491,16107,18980
2492,17203,17998
2493,19591,5698
2494,17954,23990
2495,13124,15995
2496,13718,6498
2497,16213,12500
2498,14319,38000
2499,15679,18579
2500,16236,6949
2501,15923,45842
2502,12217,20999
2503,19148,10465
2504,15640,10200
2505,19409,47541
2506,12649,8700
2507,13866,87478
2508,12684,47980
2509,17879,18490
2510,15966,25999
2511,18691,7995
2512,19122,16299
2513,14103,30500
2514,17948,15495
2515,19543,22698
2516,18185,22995
2517,13190,19499
2518,15235,6000
2519,19628,9545
2520,17664,13995
2521,12505,7627
2522,18180,1295
2523,17592,19498
2524,18847,29240
2525,18038,6040
2526,18039,55980
2527,12063,17995
2528,12671,19995
2529,13824,27545
2530,12305,11950
2531,17365,60990
2532,12669,46950
2533,18737,17339
2534,17985,58450
2535,15736,24491
2536,14614,7990
2537,12633,15999
2538,19016,10350
2539,17331,61995
2540,17983,7345
2541,12585,8450
2542,14905,26798
2543,17735,10790
2544,17107,12490
2545,17545,14290
2546,19350,8750
2547,12608,44410
2548,16300,16980
2549,16017,13499
2550,14067,13992
2551,17639,9466
2552,18178,14250
2553,13145,38995
2554,17393,27498
2555,18292,48950
2556,16458,5490
2557,16843,23995
2558,15576,58000
2559,14163,15949
2560,12930,16995
2561,17876,9795
2562,12584,64690
2563,15909,3888
2564,14203,17999
2565,14944,8495
2566,19028,17480
2567,14859,23998
2568,15001,25790
2569,14599,4670
2570,14696,74480
2571,13076,39995
2572,18971,29990
2573,18890,24945
2574,16346,12890
2575,15653,30950
2576,16764,21749
2577,16224,43490
2578,19183,11298
2579,16118,44950
2580,17732,28590
2581,17515,6495
2582,13007,21725
2583,12536,41995
2584,18722,8490
2585,17681,7900
2586,18132,13995
2587,14556,16995
2588,17621,13495
2589,14123,15991
2590,14101,5995
2591,14692,3495
2592,17078,15999
2593,19380,20999
2594,16793,28000
2595,14475,8498
2596,13988,2490
2597,12357,10999
2598,15341,7475
2599,13600,18020
2600,17570,24575
2601,15998,7299
2602,16267,55499
2603,16265,13999
2604,18887,16199
2605,13859,38750
2606,13753,21965
2607,14873,10999
2608,13052,2995
2609,15621,19400
2610,15594,4195
2611,13044,12999
2612,15253,6991
2613,15630,13500
2614,12014,67480
2615,13752,50000
2616,16980,41995
2617,18655,34995
2618,17709,18991
2619,16991,13798
2620,19375,15999
2621,16390,13491
2622,18653,37500
2623,17560,39496
2624,12330,52990
2625,15276,18995
2626,13465,20999
2627,12062,15690
2628,14743,18991
2629,15361,33999
2630,12706,19995
2631,17486,47994
2632,15278,13195
2633,13537,45394
2634,18922,31999
2635,12801,17495
2636,16403,14499
2637,17536,44980
2638,15428,25990
2639,17045,19295
2640,19349,45999
2641,15600,52995
2642,19467,7899
2643,15448,36490
2644,16035,14992
2645,17051,23490
2646,16564,34995
2647,19161,78000
2648,14228,32950
2649,15324,26990
2650,17047,27790
2651,19391,20999
2652,15335,16750
2653,13022,20990
2654,14160,27800
2655,16993,4340
2656,15545,14454
2657,14775,12400
2658,18021,27000
2659,17707,36890
2660,15938,7440
2661,17317,45980
2662,12581,17500
2663,16759,15749
2664,19262,16957
2665,18837,45488
2666,12221,8250
2667,14004,13999
2668,14710,42000
2669,15904,23001
2670,12786,26950
2671,16927,16920
2672,13681,8995
2673,18668,12995
2674,16162,15480
2675,15871,21998
2676,12213,8998
2677,16830,1500
2678,19198,26682
2679,12916,4990
2680,14144,19797
2681,19002,11499
2682,18172,19970
2683,17526,31000
2684,15362,14999
2685,19426,19995
2686,12541,20450
2687,15007,33990
2688,15622,27998
2689,13952,5995
2690,13332,29995
2691,17534,9291
2692,19609,43995
2693,13164,26500
2694,14557,9700
2695,13973,39500
2696,14093,8995
2697,12722,26990
2698,14822,30927
2699,16608,16390
2700,13101,4591
2701,14546,48500
2702,12189,68000
2703,18136,36000
2704,13933,17299
2705,16635,20499
2706,13378,60399
2707,12612,48022
2708,18911,62898
2709,17191,11298
2710,14386,9397
2711,18474,50000
2712,14428,6890
2713,15769,57000
2714,16254,17250
2715,18326,12450
2716,14281,32499
2717,15269,10998
2718,16033,8999
2719,17546,5850
2720,16192,36995
2721,18024,35980
2722,13769,15990
2723,14095,8791
2724,17755,19979
2725,13683,10410
2726,14316,15298
2727,13033,16495
2728,17961,21500
2729,13734,40950
2730,15029,3595
2731,14294,10965
2732,14698,16895
2733,17010,13798
2734,13701,16000
2735,15138,13699
2736,14028,32450
2737,18526,24748
2738,15960,31250
2739,14358,32850
2740,14372,25750
2741,12026,18900
2742,17860,10695
2743,15310,37400
2744,16952,5490
2745,13749,32391
2746,18577,48251
2747,15767,17990
2748,13088,20500
2749,19596,34980
2750,14668,22995
2751,12037,18999
2752,14892,16599
2753,13773,73990
2754,17324,30998
2755,14816,33490
2756,16040,29290
2757,15502,10495
2758,14852,15441
2759,13802,19990
2760,15674,9980
2761,15801,51990
2762,13669,12200
2763,18428,20172
2764,19614,29999
2765,16910,13991
2766,14068,23450
2767,16085,33998
2768,17858,26490
2769,18819,30990
2770,12031,50640
2771,17535,12995
2772,15466,24995
2773,17197,6995
2774,16423,36000
2775,18908,9995
2776,18092,15990
2777,15497,12999
2778,18137,69146
2779,15563,10850
2780,19276,34000
2781,12246,7327
2782,12660,4490
2783,18151,7498
2784,17399,15499
2785,13303,19500
2786,18735,18495
2787,12509,25975
2788,12032,16790
2789,18694,10795
2790,15218,29490
2791,13710,20991
2792,12471,43950
2793,17868,21750
2794,14897,54990
2795,17587,22995
2796,14114,6995
2797,16495,29865
2798,15120,20412
2799,19102,16500
2800,17390,4399
2801,14632,17499
2802,16836,9891
2803,12481,15995
2804,18272,18990
2805,16476,21000
2806,17371,32450
2807,16098,55995
2808,18489,34700
2809,13962,22692
2810,13208,36440
2811,15535,21898
2812,14341,11199
2813,16957,4495
2814,15063,7840
2815,15727,27995
2816,15299,45990
2817,19240,27798
2818,14625,8790
2819,19164,11400
2820,15249,12500
2821,15546,27950
2822,16068,33000
2823,17727,56000
2824,15081,7999
2825,19479,24000
2826,19269,82099
2827,12117,10499
2828,15311,18498
2829,13964,11495
2830,18672,27499
2831,17258,17500
2832,15866,42000
2833,14422,34500
2834,13382,36990
2835,16509,9000
2836,15976,13000
2837,14216,17800
2838,14127,12200
2839,17994,29980
2840,12206,15999
2841,15412,27990
2842,19259,19498
2843,15862,21197
2844,12035,27999
2845,15878,15899
2846,12267,3495
2847,12903,31995
2848,13032,18990
2849,13253,37970
2850,15957,25991
2851,18244,11470
2852,16187,19950
2853,12737,15794
2854,16398,11495
2855,12565,20000
2856,12803,21000
2857,15438,51990
2858,19310,5750
2859,13696,24990
2860,18324,25695
2861,17768,9998
2862,15364,31990
2863,12512,15485
2864,12636,9998
2865,19340,25480
2866,19541,8990
2867,18706,8998
2868,17749,6995
2869,12486,14298
2870,17407,6200
2871,18439,18290
2872,17728,28991
2873,12847,29888
2874,13815,29889
2875,17939,12999
2876,14338,16770
2877,15778,31000
2878,14713,17591
2879,18991,14000
2880,14443,10460
2881,17875,19970
2882,13388,24750
2883,12941,17495
2884,17202,8499
2885,15999,30990
2886,13497,15980
2887,17744,38990
2888,14164,31450
2889,14022,24999
2890,15817,33542
2891,12479,35985
2892,19566,18290
2893,15570,14750
2894,13579,30000
2895,12943,7799
2896,14823,4745
2897,16499,49490
2898,16148,68522
2899,12899,18295
2900,12288,31026
2901,17446,18295
2902,12756,12995
2903,17559,46998
2904,15251,8750
2905,13512,24999
2906,18886,7484
2907,18515,8495
2908,18635,17699
2909,12148,8650
2910,13198,29998
2911,16445,23995
2912,13894,1395
2913,17347,26000
2914,14898,119995
2915,16911,39995
2916,19108,15316
2917,13635,22480
2918,16770,35995
2919,18249,20500
2920,14112,17100
2921,18245,8000
2922,15119,15400
2923,16857,19749
2924,16590,15000
2925,12908,22000
2926,14610,54945
2927,15949,15995
2928,18028,49980
2929,15828,59990
2930,16988,34442
2931,15267,19495
2932,18353,17495
2933,15181,20480
2934,16492,17995
2935,14725,15200
2936,18593,18498
2937,19279,15950
2938,15136,9289
2939,13010,8850
2940,18612,13995
2941,16411,23495
2942,17651,20388
2943,16594,22503
2944,19067,21550
2945,12406,9000
2946,12074,26499
2947,17848,16995
2948,17085,29995
2949,16544,22450
2950,14839,10979
2951,18071,8300
2952,17553,9495
2953,17466,6850
2954,17062,26995
2955,12976,16999
2956,17244,22500
2957,15804,7998
2958,16219,4499
2959,13667,16299
2960,17537,135000
2961,17357,71000
2962,18418,18990
2963,17802,50995
2964,16897,45480
2965,14785,12799
2966,16275,27950
2967,18189,19895
2968,14956,14495
2969,13699,14991
2970,12787,23495
2971,18957,55990
2972,15556,10999
2973,12400,18250
2974,16304,11575
2975,12975,14736
2976,17608,8780
2977,15141,29750
2978,13270,11998
2979,18012,2299
2980,17906,6895
2981,17307,11160
2982,18054,16994
2983,19256,25995
2984,16971,21836
2985,18683,35000
2986,12079,12750
2987,14980,29000
2988,14935,6750
2989,19526,14991
2990,15088,20998
2991,16657,6999
2992,15351,10247
2993,16849,3999
2994,16844,17495
2995,12514,9139
2996,18785,17733
2997,15153,7850
2998,16624,37991
2999,17829,16790
3000,13939,12498
3001,15018,16499
3002,18253,39498
3003,14736,24995
3004,15294,24989
3005,18766,16799
3006,17851,22760
3007,15174,3691
3008,12871,10695
3009,12353,19990
3010,15823,16390
3011,14334,9990
3012,12886,49995
3013,13515,5500
3014,18813,19990
3015,12890,19000
3016,16000,26980
3017,17436,57800
3018,14487,23595
3019,17918,14499
3020,18134,10250
3021,18696,44980
3022,13099,19499
3023,14197,13995
3024,14675,55489
3025,16359,31000
3026,12492,1999
3027,12316,16999
3028,16519,17999
3029,12340,9445
3030,13555,10610
3031,16059,27766
3032,17323,20495
3033,16366,29890
3034,16421,81900
3035,19531,28000
3036,19457,16917
3037,16177,74988
3038,17635,11000
3039,15508,41990
3040,14145,7880
3041,19270,11120
3042,18841,44950
3043,12743,20750
3044,15048,9999
3045,13435,19699
3046,16767,19995
3047,17117,5990
3048,14337,17720
3049,18967,43995
3050,19495,19840
3051,14408,21488
3052,14325,52950
3053,13912,19500
3054,15262,19900
3055,15737,28495
3056,15023,27999
3057,17631,12195
3058,18987,52495
3059,15384,33790
3060,12363,22995
3061,15058,30795
3062,17020,4750
3063,12770,23750
3064,18615,11300
3065,16617,32450
3066,19052,28980
3067,14149,19990
3068,14680,35000
3069,12209,17169
3070,12147,33000
3071,15859,67940
3072,14235,18995
3073,17699,27499
3074,15237,34500
3075,13102,15100
3076,18258,10298
3077,18584,14990
3078,17946,23000
3079,19212,8990
3080,12190,9498
3081,15530,28496
3082,13348,20999
3083,13344,16498
3084,16119,54995
3085,16340,16270
3086,16317,17998
3087,13808,26995
3088,18520,13995
3089,14615,8998
3090,13434,57000
3091,16191,11493
3092,13440,8495
3093,16417,10268
3094,18030,51995
3095,17566,16000
3096,15291,2650
3097,12023,10990
3098,19192,11490
3099,17603,23499
3100,15424,19916
3101,19547,10900
3102,16223,5995
3103,14616,112990
3104,14888,33695
3105,16996,3295
3106,16074,16995
3107,15010,26995
3108,12729,10999
3109,18598,18944
3110,13385,13762
3111,15784,31990
3112,12676,28950
3113,14992,24750
3114,12534,17000
3115,15854,19998
3116,14016,11900
3117,17672,8995
3118,17262,21995
3119,18360,11450
3120,16321,8390
3121,16257,21689
3122,19057,21999
3123,12595,79995
3124,17141,20990
3125,17723,51000
3126,13764,69995
3127,12529,10995
3128,17634,64950
3129,18647,13998
3130,12389,13799
3131,12523,1495
3132,19548,14995
3133,14933,1200
3134,16335,11388
3135,13209,20500
3136,19524,10249
3137,16922,21500
3138,14789,15990
3139,12720,44444
3140,19275,12550
3141,14003,32671
3142,16602,47490
3143,16921,29989
3144,15312,21550
3145,15494,9985
3146,19432,21250
3147,17892,19500
3148,19573,19998
3149,14300,16990
3150,13653,124999
3151,19394,34999
3152,18417,22000
3153,17311,16250
3154,12851,6450
3155,18888,17495
3156,12539,44995
3157,15690,41000
3158,14366,20495
3159,15565,29750
3160,15336,2799
3161,18717,19998
3162,16322,4490
3163,18903,2495
3164,12520,26498
3165,12937,14480
3166,12111,8337
3167,13266,18107
3168,15383,32490
3169,18765,15273
3170,16877,16491
3171,14962,23780
3172,16808,26000
3173,15460,20950
3174,12382,8995
3175,15449,23491
3176,12923,17699
3177,18144,6999
3178,17902,32995
3179,17532,18900
3180,14796,20495
3181,19514,28590
3182,17510,95950
3183,16218,48898
3184,19099,12500
3185,12531,12298
3186,12123,19950
3187,16031,19998
3188,14677,10500
3189,12390,40999
3190,19439,15590
3191,16360,21498
3192,15898,6799
3193,19223,19950
3194,16692,27495
3195,16928,17498
3196,15667,8540
3197,19307,18490
3198,17192,25000
3199,17173,10750
3200,12109,59000
3201,12500,6799
3202,13135,15795
3203,18153,20991
3204,19518,11695
3205,17338,20498
3206,16180,25440
3207,13697,14590
3208,13006,28950
3209,19219,9995
3210,19459,19500
3211,13293,41750
3212,13522,30850
3213,13320,4550
3214,18795,21698
3215,19552,8270
3216,16159,22950
3217,14407,13998
3218,15970,11000
3219,17321,15995
3220,18329,29490
3221,15199,8750
3222,13518,28495
3223,12343,10500
3224,13085,12750
3225,13199,5000
3226,19238,8250
3227,13805,59995
3228,15818,51990
3229,15161,21798
3230,12488,11421
3231,18169,20991
3232,14292,31500
3233,15025,51995
3234,16422,133900
3235,17281,12495
3236,14034,5895
3237,16222,53699
3238,14875,26995
3239,18173,46710
3240,12327,11699
3241,17597,21995
3242,17124,2890
3243,15302,3918
3244,18610,30998
3245,15211,19979
3246,19517,49481
3247,15951,7499
3248,13519,27995
3249,12104,11498
3250,17797,40365
3251,15777,36498
3252,12884,45394
3253,17487,53990
3254,16110,41366
3255,16141,9689
3256,16316,55890
3257,16938,14928
3258,17221,22791
3259,14835,7800
3260,14960,3995
3261,17582,20095
3262,19147,38250
3263,18391,14791
3264,13853,19990
3265,12476,18998
3266,12463,8872
3267,18278,19998
3268,18958,25990
3269,17942,19490
3270,17414,12000
3271,18231,6699
3272,19581,9290
3273,15318,17990
3274,19105,8250
3275,12094,14200
3276,15522,12490
3277,16907,25999
3278,13130,38750
3279,12018,12498
3280,18963,35950
3281,12038,49998
3282,15198,26995
3283,12169,8995
3284,16012,84898
3285,18921,17600
3286,16244,2995
3287,17458,14750
3288,18048,16499
3289,13225,49950
3290,12225,23500
3291,14676,14500
3292,17516,37572
3293,19478,2395
3294,19088,28000
3295,16947,15838
3296,14479,22802
3297,17549,37891
3298,18196,28450
3299,13282,11341
3300,15693,16990
3301,15422,48995
3302,17660,54950
3303,17721,4500
3304,16569,8217
3305,14096,12400
3306,18858,3395
3307,19123,63000
3308,19196,21750
3309,19172,5950
3310,15745,30498
3311,14012,70000
3312,13705,24998
3313,13108,42485
3314,17930,31750
3315,13905,27991
3316,17997,17998
3317,14636,14750
3318,14647,27990
3319,12931,22450
3320,12339,48940
3321,15825,26995
3322,13940,16000
3323,17689,67120
3324,13453,6998
3325,15523,14681
3326,16963,14000
3327,14303,20490
3328,15091,3399
3329,17185,27490
3330,13236,41850
3331,16954,37950
3332,14046,66540
3333,17495,4950
3334,13163,15995
3335,16707,7998
3336,13165,13995
3337,14064,14498
3338,18080,3995
3339,14458,35490
3340,14159,5695
3341,12310,5997
3342,18484,82930
3343,18507,33500
3344,15480,12498
3345,15439,27197
3346,17440,7499
3347,13118,35990
3348,16144,21444
3349,18051,11290
3350,16036,30000
3351,12745,30998
3352,12399,27240
3353,14496,21290
3354,17212,35000
3355,13183,56990
3356,13992,24995
3357,17940,11410
3358,19476,35699
3359,15884,29875
3360,14359,24995
3361,18728,13495
3362,18097,9795
3363,15151,22498
3364,15962,12295
3365,19449,7995
3366,12439,24945
3367,16269,39990
3368,13629,10499
3369,15078,18495
3370,19299,39589
3371,13796,7250
3372,12559,47992
3373,16917,7357
3374,12889,29990
3375,19138,9899
3376,12007,58700
3377,16323,31991
3378,15681,13500
3379,19578,18390
3380,18033,22299
3381,18988,21000
3382,15350,49990
3383,17005,9295
3384,19498,7995
3385,12306,22995
3386,13350,19998
3387,15633,28950
3388,17714,56995
3389,15781,34990
3390,16814,18498
3391,15441,6275
3392,12115,16490
3393,18869,39990
3394,17389,27371
3395,15193,32489
3396,15726,54995
3397,15592,37990
3398,16832,117990
3399,16792,63980
3400,17160,38776
3401,17358,18699
3402,15584,14400
3403,17896,35995
3404,16839,17695
3405,18555,8700
3406,18535,13999
3407,17379,8921
3408,17576,6990
3409,13591,18499
3410,14302,18980
3411,13028,22499
3412,18204,10830
3413,17291,34950
3414,13985,14598
3415,12075,17900
3416,15184,7830
3417,19590,11695
3418,15593,23995
3419,12652,21950
3420,17794,31998
3421,15270,42495
3422,17612,15799
3423,12403,13798
3424,14317,4500
3425,19313,31600
3426,17982,19279
3427,14745,20999
3428,13090,22490
3429,12827,6999
3430,17332,5990
3431,12495,17799
3432,18944,40775
3433,18814,5500
3434,13263,40092
3435,17073,62990
3436,15493,42500
3437,13976,31150
3438,19443,8990
3439,15258,33990
3440,16671,4995
3441,14455,37950
3442,12865,44889
3443,14732,25998
3444,15971,45940
3445,12170,9099
3446,14398,9495
3447,18331,13499
3448,17973,12495
3449,17753,13999
3450,12823,20994
3451,17644,49589
3452,15562,19699
3453,17356,12495
3454,19346,15899
3455,12698,18495
3456,15551,38995
3457,12678,49996
3458,12114,14490
3459,13423,25926
3460,12991,9495
3461,18288,37902
3462,14077,33990
3463,13062,55990
3464,15746,11695
3465,15386,8500
3466,16526,20000
3467,14921,10998
3468,15307,34500
3469,12093,12217
3470,14879,25850
3471,14143,13998
3472,14976,2495
3473,15940,11995
3474,16665,14995
3475,12792,54990
3476,17701,8298
3477,18475,24990
3478,17471,29995
3479,17568,11950
3480,13458,25239
3481,17971,3695
3482,14846,63099
3483,18984,64900
3484,12785,9500
3485,16308,30698
3486,19137,16495
3487,17211,44444
3488,19222,21000
3489,18541,10873
3490,12747,24500
3491,18458,29772
3492,15867,19500
3493,12426,16999
3494,14083,20572
3495,18262,17069
3496,12891,17980
3497,16972,44999
3498,16896,7435
3499,12105,22995
3500,18945,16299
3501,13498,14499
3502,19363,24990
3503,19580,41750
3504,14533,21245
3505,13593,46949
3506,18960,6495
3507,18247,8691
3508,17354,56995
3509,17778,50888
3510,13618,18970
3511,17235,20000
3512,18860,9998
3513,14651,26995
3514,12174,23700
3515,12957,22500
3516,18902,19995
3517,16698,16995
3518,17573,44599
3519,14844,18450
3520,18764,36999
3521,18883,35950
3522,17030,21990
3523,12371,18485
3524,17103,14295
3525,14459,8795
3526,13345,21800
3527,18356,15995
3528,13283,13999
3529,14965,24995
3530,17826,59990
3531,17598,19072
3532,14073,14321
3533,14433,36494
3534,17316,8498
3535,17424,47980
3536,14837,15850
3537,15009,14950
3538,13330,29869
3539,16184,5800
3540,14166,13895
3541,17151,21494
3542,13556,3999
3543,13754,9000
3544,17976,24995
3545,15739,33037
3546,15015,21995
3547,18606,29995
3548,16846,10830
3549,16785,44000
3550,18394,11999
3551,15266,8749
3552,14896,10240
3553,13590,23000
3554,16966,27998
3555,15403,16000
3556,17936,6084
3557,16661,25744
3558,16436,20000
3559,12204,9999
3560,12727,27699
3561,17355,15499
3562,18500,44950
3563,15660,13892
3564,14604,23995
3565,12128,17498
3566,14809,12495
3567,18614,29000
3568,12157,10000
3569,16071,17990
3570,12044,23995
3571,13281,13500
3572,14942,24885
3573,14168,41349
3574,16517,10998
3575,19254,17000
3576,16560,16998
3577,16859,38899
3578,12085,45599
3579,13980,19995
3580,12793,24999
3581,16189,14440
3582,12218,42999
3583,18343,22745
3584,13083,26950
3585,17289,8499
3586,17239,8290
3587,15761,33400
3588,13324,12450
3589,14535,23950
3590,18301,17890
3591,19281,65520
3592,13770,4495
3593,14649,45888
3594,15572,35490
3595,18581,19995
3596,14413,16990
3597,16024,9130
3598,13353,17495
3599,16694,57000
3600,19083,16300
3601,12497,5995
3602,17397,49995
3603,17862,27590
3604,14877,23499
3605,16561,16950
3606,15720,8895
3607,18537,31441
3608,19113,17490
3609,15650,8800
3610,12015,14450
3611,13720,23995
3612,13778,19000
3613,14747,27950
3614,16444,62995
3615,18202,39998
3616,18182,19000
3617,13456,18250
3618,18339,14895
3619,19433,4689
3620,19250,22990
3621,12614,10490
3622,12915,35480
3623,12230,51950
3624,14880,8995
3625,13585,42510
3626,18448,11500
3627,12742,9698
3628,16867,20449
3629,16534,21500
3630,13284,27550
3631,14532,55495
3632,18177,15400
3633,17567,41904
3634,15385,17220
3635,15864,6998
3636,18006,35499
3637,16365,19298
3638,14396,22995
3639,18826,46931
3640,15652,45000
3641,15954,29995
3642,13811,36795
3643,15396,43990
3644,13086,5995
3645,16811,31990
3646,12623,21499
3647,16567,16995
3648,15636,16726
3649,14118,135771
3650,17481,11999
3651,12951,27999
3652,18130,12995
3653,14010,13199
3654,13650,24995
3655,14141,39995
3656,18116,21450
3657,12212,14950
3658,15019,15998
3659,15201,65000
3660,16523,28999
3661,16106,7495
3662,15926,21182
3663,14035,18985
3664,13983,33500
3665,14322,35352
3666,19384,20498
3667,17249,13482
3668,14121,26491
3669,12784,18998
3670,13546,13495
3671,17366,37500
3672,17150,30995
3673,16748,24498
3674,14090,24495
3675,16410,63000
3676,18768,23000
3677,12659,57991
3678,17370,32950
3679,15020,46788
3680,15167,20995
3681,17609,23990
3682,15697,20995
3683,12513,23489
3684,15216,15498
3685,14856,11491
3686,16494,16620
3687,18948,21990
3688,19424,14995
3689,14853,16990
3690,16656,17960
3691,15559,19498
3692,19298,48490
3693,13709,19750
3694,12735,17399
3695,12472,9000
3696,15096,8790
3697,18790,10498
3698,14295,11160
3699,17006,16699
3700,15616,7250
3701,19592,16699
3702,15274,21995
3703,15195,9995
3704,18015,16495
3705,12690,16490
3706,18566,9998
3707,17205,52990
3708,14419,23995
3709,16305,22027
3710,18230,13998
3711,13125,5995
3712,19511,4490
3713,16481,15999
3714,13954,42110
3715,14657,22998
3716,18482,30572
3717,12971,15498
3718,14808,19500
3719,12229,25991
3720,15646,9999
3721,17328,16280
3722,18441,32000
3723,16663,53581
3724,17944,12298
3725,19385,20980
3726,15236,5995
3727,13471,39410
3728,16825,37995
3729,13206,6500
3730,16545,21990
3731,17806,48899
3732,17575,18295
3733,16378,66750
3734,17891,6995
3735,18328,16990
3736,19121,16470
3737,15662,6995
3738,14070,17990
3739,14254,27990
3740,18073,60970
3741,16430,13690
3742,17669,13798
3743,13614,9498
3744,14937,21999
3745,17519,29990
3746,13580,4499
3747,19538,20886
3748,15715,72798
3749,18419,42202
3750,18502,10350
3751,17898,6000
3752,18807,55500
3753,14434,5498
3754,17712,20490
3755,13059,18999
3756,18997,22499
3757,12290,7995
3758,17275,13998
3759,14417,18490
3760,14832,8690
3761,13425,12970
3762,17247,26360
3763,18707,32495
3764,14241,10494
3765,12336,14699
3766,13272,10110
3767,16905,24499
3768,19400,11298
3769,12337,6795
3770,16133,17445
3771,12149,11199
3772,17445,20498
3773,12065,13250
3774,15517,18495
3775,14863,24500
3776,14347,18000
3777,16211,12000
3778,13441,9395
3779,15041,16491
3780,12428,9694
3781,15582,36995
3782,15101,15980
3783,16415,18991
3784,17168,7999
3785,13862,14980
3786,17949,23995
3787,14482,16998
3788,14167,10995
3789,12303,22785
3790,18677,30000
3791,14941,11500
3792,18320,22500
3793,13565,22000
3794,17581,11995
3795,13806,48989
3796,13880,4450
3797,15974,6995
3798,13893,11998
3799,19419,20495
3800,17656,12250
3801,15857,77995
3802,12139,6349
3803,15281,48890
3804,13950,7490
3805,13757,53000
3806,15844,19850
3807,16960,35480
3808,19127,45890
3809,18961,15290
3810,14920,9950
3811,13151,17998
3812,16778,8000
3813,14464,7750
3814,18808,21643
3815,13242,29480
3816,16817,19999
3817,16941,18980
3818,16835,10100
3819,13169,7991
3820,15308,27989
3821,12470,57000
3822,13782,10480
3823,13489,8750
3824,17250,1300
3825,12348,39000
3826,15371,12995
3827,18729,1995
3828,17529,56990
3829,17525,9499
3830,18977,48998
3831,18774,55995
3832,17543,16490
3833,16450,8600
3834,18237,19795
3835,18128,51990
3836,18117,37490
3837,17675,22498
3838,19425,17298
3839,13592,20980
3840,13093,51980
3841,17144,11995
3842,12819,8199
3843,16529,26500
3844,12530,20899
3845,15256,11400
3846,17013,39990
3847,15059,13498
3848,14018,33250
3849,18530,33999
3850,17404,19940
3851,17837,7270
3852,15515,19690
3853,13048,11497
3854,18433,23400
3855,12854,28991
3856,19144,22500
3857,19600,11799
3858,16878,24880
3859,18848,19419
3860,19296,28495
3861,13517,20995
3862,14414,10000
3863,14930,9298
3864,16095,9998
3865,12944,50990
3866,18371,13298
3867,16466,21995
3868,15457,13495
3869,16055,11300
3870,19415,13495
3871,15847,15495
3872,13223,9995
3873,13297,19795
3874,17649,11495
3875,14709,5750
3876,16801,10990
3877,18143,38150
3878,15070,61898
3879,14242,9798
3880,15451,15380
3881,13171,20995
3882,19523,29995
3883,14529,2395
3884,12411,13500
3885,12134,39999
3886,12517,9650
3887,14165,19334
3888,18296,47990
3889,15366,18425
3890,13501,55000
3891,14770,18500
3892,16076,19998
3893,17981,17990
3894,12795,6891
3895,15961,19995
3896,19534,17950
3897,15698,145000
3898,15343,33799
3899,16837,7999
3900,12928,7891
3901,18160,22995
3902,12579,40980
3903,15680,13750
3904,16639,35990
3905,15417,11498
3906,12059,16991
3907,16438,13700
3908,15571,20790
3909,15894,4291
3910,12356,58990
3911,15035,30998
3912,15282,19995
3913,14381,31994
3914,17207,14999
3915,18287,15995
3916,13274,8990
3917,16139,9495
3918,12002,18991
3919,14612,5000
3920,19185,19250
3921,18574,4990
3922,13019,15275
3923,19593,15990
3924,18618,5999
3925,15542,18490
3926,15688,30737
3927,15851,40322
3928,16796,15499
3929,12070,29500
3930,12555,11440
3931,12927,12299
3932,14082,76980
3933,19247,25225
3934,19282,26495
3935,14373,27498
3936,17075,18995
3937,12255,22684
3938,13066,27491
3939,13536,49879
3940,18283,15400
3941,18617,33898
3942,17693,7189
3943,13370,11400
3944,16439,33900
3945,18084,125000
3946,19020,15495
3947,17524,29990
3948,13531,8134
3949,18148,8000
3950,15221,4399
3951,16503,22750
3952,18141,22200
3953,13339,24995
3954,13636,13498
3955,12697,30490
3956,12775,52900
3957,16510,20000
3958,17416,45490
3959,18731,6450
3960,12039,8854
3961,18348,42990
3962,13286,20998
3963,15927,20980
3964,14865,34999
3965,19312,6750
3966,18059,28998
3967,12107,19490
3968,14993,15290
3969,17134,6936
3970,18842,31735
3971,14260,31490
3972,13918,36495
3973,17238,59450
3974,16933,18490
3975,14055,450
3976,13986,12899
3977,17886,15499
3978,14454,51490
3979,13642,21437
3980,17990,20800
3981,19090,8399
3982,12642,17999
3983,15751,10750
3984,18978,18490
3985,12438,13800
3986,16220,19945
3987,13851,9500
3988,12533,8000
3989,15130,24995
3990,15558,19699
3991,18697,20500
3992,12876,25999
3993,14187,9750
3994,18983,32995
3995,16426,36498
3996,12008,22995
3997,18302,6245
3998,12990,17995
3999,17831,17999
4000,14002,22795
4001,12802,41000
4002,15248,10155
4003,17126,43995
4004,17334,16495
4005,17702,2995
4006,14128,40999
4007,18146,35995
4008,16293,27990
4009,13493,18000
4010,12156,33949
4011,18576,17770
4012,18726,49496
4013,18644,17988
4014,18312,17999
4015,17605,8499
4016,17991,26475
4017,16078,22295
4018,13625,11100
4019,12948,5990
4020,19485,14450
4021,18467,10492
4022,18397,29000
4023,16363,19498
4024,17095,19412
4025,16061,44950
4026,17523,18691
4027,15323,28242
4028,18119,11290
4029,17805,76469
4030,16377,77880
4031,14656,15750
4032,16069,16991
4033,16425,41990
4034,15028,23380
4035,13726,29795
4036,16976,19495
4037,15505,9440
4038,15326,39995
4039,18595,22990
4040,16645,12995
4041,17154,9980
4042,16287,17950
4043,18236,51950
4044,16452,37000
4045,18449,12650
4046,19134,8731
4047,14929,27995
4048,15194,12498
4049,12154,27990
4050,13343,52291
4051,15569,17990
4052,15084,20495
4053,13290,9990
4054,13527,1995
4055,16277,13990
4056,12222,28900
4057,13989,15991
4058,19452,17450
4059,13039,10499
4060,15378,12495
4061,13180,7995
4062,19255,49999
4063,16522,9995
4064,13035,15998
4065,18395,20795
4066,14384,8250
4067,15332,11295
4068,15230,18710
4069,13407,21996
4070,18504,11975
4071,16622,35850
4072,14932,88980
4073,18522,12799
4074,16433,6995
4075,18215,14182
4076,12263,14300
4077,15598,34526
4078,15549,33450
4079,16240,15190
4080,16091,5485
4081,14757,27491
4082,16779,10981
4083,12776,15650
4084,17193,20995
4085,18162,18990
4086,18053,57990
4087,17325,9299
4088,19576,12000
4089,18747,14499
4090,16109,37493
4091,19331,8050
4092,12691,42980
4093,14800,42999
4094,13588,39599
4095,16757,14999
4096,12435,14377
4097,18867,2250
4098,15173,35950
4099,19528,9195
4100,18481,16325
4101,12596,11795
4102,12757,14998
4103,18513,19499
4104,18622,24990
4105,18197,17489
4106,17610,5290
4107,19445,25488
4108,12570,14800
4109,19625,17495
4110,14813,6980
4111,18561,32998
4112,14212,9192
4113,12709,33650
4114,13235,47480
4115,17171,18990
4116,15968,38995
4117,18252,13498
4118,16521,42849
4119,13457,10450
4120,17853,19998
4121,19201,10191
4122,17490,19429
4123,15541,15995
4124,14087,14634
4125,17127,8470
4126,16833,22999
4127,18212,27000
4128,12178,8495
4129,12171,47950
4130,14528,8461
4131,12600,10995
4132,15518,33791
4133,14222,30950
4134,16151,15990
4135,14624,12999
4136,19532,19300
4137,19329,28990
4138,16863,17298
4139,17506,10950
4140,15064,33980
4141,16641,31750
4142,12446,8498
4143,18509,14940
4144,19084,6999
4145,15578,44990
4146,13347,8995
4147,12949,26998
4148,15591,17791
4149,17115,38459
4150,12033,19800
4151,18340,23995
4152,12418,67990
4153,18494,34129
4154,15057,5497
4155,17454,20991
4156,17351,20995
4157,12695,10190
4158,17352,6998
4159,16065,23999
4160,16573,39900
4161,19403,34147
4162,16349,25995
4163,16505,13000
4164,15129,23750
4165,15123,10982
4166,16477,65000
4167,13561,12500
4168,13717,18990
4169,17449,28990
4170,18811,9690
4171,12313,26976
4172,12526,12795
4173,17186,56950
4174,13762,14000
4175,13676,17481
4176,14057,22500
4177,15337,8471
4178,16383,32500
4179,15883,10250
4180,19469,49995
4181,18001,18980
4182,13694,39881
4183,17719,19998
4184,17617,33990
4185,12475,3995
4186,16008,5890
4187,13693,18495
4188,13611,7498
4189,12127,17994
4190,16501,8752
4191,15219,10490
4192,19567,19990
4193,17298,5200
4194,15103,10798
4195,18098,46995
4196,14876,14400
4197,17423,14255
4198,15100,29995
4199,18052,20600
4200,15886,39500
4201,16170,7500
4202,17021,18500
4203,15861,9590
4204,13936,18999
4205,14526,26000
4206,13884,30491
4207,14706,10499
4208,16582,34990
4209,19189,27490
4210,18810,93950
4211,16407,17495
4212,17641,7991
4213,15722,34000
4214,14293,54990
4215,19382,7795
4216,16613,9495
4217,14934,45950
4218,14954,13998
4219,15491,15850
4220,13744,4738
4221,19550,8199
4222,16352,10999
4223,12072,39999
4224,16803,17000
4225,13747,40980
4226,19561,27999
4227,16670,19995
4228,14467,10043
4229,19037,23888
4230,13421,17000
4231,18663,45990
4232,17456,46995
4233,18110,13750
4234,19361,14966
4235,16669,29994
4236,18602,8298
4237,18191,11991
4238,15574,5595
4239,15478,23500
4240,17945,16995
4241,18651,10130
4242,14586,54991
4243,14124,17315
4244,16977,15490
4245,14928,34948
4246,17505,21995
4247,18062,20891
4248,14352,41495
4249,14275,14499
4250,16154,18450
4251,16480,14495
4252,18929,44995
4253,14485,21700
4254,18367,62980
4255,16542,8927
4256,17867,35650
4257,13331,9820
4258,17914,55995
4259,15908,7660
4260,14059,9350
4261,15369,38250
4262,12252,20495
4263,14116,28995
4264,18026,26500
4265,18714,14457
4266,12347,11995
4267,18096,22975
4268,17924,14491
4269,14092,22421
4270,12280,7820
4271,13354,6995
4272,15958,6490
4273,14665,12500
4274,15429,9692
4275,15789,18795
4276,13932,11998
4277,15983,9995
4278,17927,32983
4279,12323,7240
4280,13783,10999
4281,17911,21990
4282,19530,19000
4283,18168,20998
4284,15475,25243
4285,16860,35400
4286,14478,30999
4287,16331,19360
4288,19086,12490
4289,17206,36990
4290,14357,11899
4291,12544,15970
4292,14350,5000
4293,19342,33495
4294,18730,9999
4295,16633,19250
4296,16486,24060
4297,16697,3699
4298,15800,23490
4299,14190,41990
4300,14882,20630
4301,17475,23495
4302,12443,7996
4303,15399,15990
4304,13142,15995
4305,13224,22950
4306,19434,11699
4307,18791,22998
4308,14056,21295
4309,18221,39897
4310,16780,22999
4311,15313,14995
4312,15053,9795
4313,19451,18295
4314,15931,9000
4315,15476,17495
4316,13333,7980
4317,18905,51990
4318,14777,35989
4319,12380,37995
4320,17132,22995
4321,15842,17498
4322,15799,46999
4323,15126,58099
4324,18233,7695
4325,18982,18999
4326,16782,17999
4327,16291,17500
4328,18263,56990
4329,17611,48800
4330,16949,20645
4331,12894,14000
4332,14741,33000
4333,13688,30990
4334,12226,15499
4335,16524,15995
4336,13427,9999
4337,18919,19498
4338,12016,22910
4339,17793,41994
4340,14345,23990
4341,12239,12816
4342,13722,33995
4343,18093,15800
4344,17552,26000
4345,18789,2395
4346,13765,14799
4347,13677,26400
4348,12740,38250
4349,13011,7991
4350,18880,20499
4351,19619,7485
4352,19236,9200
4353,12459,19383
4354,14723,29371
4355,14054,3695
4356,17101,41495
4357,17958,19900
4358,15809,8990
4359,12972,59950
4360,18692,17199
4361,12334,64995
4362,16038,10207
4363,17114,8950
4364,18654,19998
4365,14277,32250
4366,14946,3490
4367,18369,57991
4368,18719,36990
4369,16944,15495
4370,16705,15995
4371,16251,27000
4372,19124,20950
4373,13448,26991
4374,14498,16499
4375,19417,34000
4376,14274,14950
4377,16082,42489
4378,14802,13795
4379,18183,14298
4380,16619,10799
4381,13278,56995
4382,13633,14750
4383,12216,5000
4384,15888,29990
4385,12496,71991
4386,13077,9399
4387,15879,16995
4388,18640,52995
4389,14716,31488
4390,17066,16000
4391,18976,12690
4392,16583,20292
4393,18973,13990
4394,16048,46950
4395,14543,25240
4396,18319,15895
4397,12561,45394
4398,16090,25750
4399,13301,27060
4400,18527,9495
4401,13817,11498
4402,14330,11498
4403,14465,19999
4404,14699,19523
4405,13623,18995
4406,13389,41750
4407,14153,6420
4408,13308,48502
4409,18607,12975
4410,18295,14995
4411,17881,15999
4412,18767,17990
4413,16168,38800
4414,13143,12998
4415,16135,21480
4416,14545,4290
4417,18413,44950
4418,19569,32995
4419,14560,13798
4420,19156,28998
4421,13495,17353
4422,12721,38495
4423,16209,36490
4424,12515,17995
4425,14570,6498
4426,19286,55298
4427,17425,30999
4428,13968,11498
4429,12888,38580
4430,12145,15795
4431,18875,27995
4432,15257,31998
4433,12815,31899
4434,13663,14800
4435,12397,14691
4436,18091,9999
4437,15316,59989
4438,13397,33990
4439,13741,8990
4440,17415,29000
4441,12620,42995
4442,14170,14995
4443,17455,25950
4444,16732,26498
4445,17385,10300
4446,14817,7495
4447,12917,33000
4448,18224,38990
4449,19623,9000
4450,17761,17998
4451,16679,19989
4452,18879,19450
4453,13179,7200
4454,16840,22000
4455,18874,36990
4456,17182,25495
4457,15210,13690
4458,18497,28900
4459,18398,7000
4460,19261,17991
4461,17179,14995
4462,12172,22449
4463,16763,20995
4464,12744,29000
4465,16965,23698
4466,17387,33000
4467,18157,15000
4468,12880,11490
4469,18538,19000
4470,17690,37975
4471,16975,5995
4472,16241,56890
4473,17932,38380
4474,14510,22495
4475,12839,53999
4476,18979,17819
4477,19483,14759
4478,12945,7995
4479,15689,14888
4480,13014,47895
4481,15775,19995
4482,18881,19300
4483,13360,10990
4484,18736,37094
4485,12152,18650
4486,18443,35109
4487,14495,66290
4488,12294,29498
4489,12738,9295
4490,13403,8799
4491,14981,16899
4492,15617,19998
4493,13673,27990
4494,17817,26690
4495,15450,41995
4496,18486,46995
4497,13543,4750
4498,16212,72950
4499,17789,16490
4500,12761,23990
4501,13251,9990
4502,17905,7194
4503,13464,23000
4504,14388,8699
4505,16788,23995
4506,17900,17995
4507,16826,12995
4508,19571,54999
4509,15301,16000
4510,15012,36750
4511,13487,8990
4512,19139,49980
4513,18792,9250
4514,16753,17495
4515,17889,4599
4516,13956,38782
4517,19612,8600
4518,19004,52495
4519,13312,15498
4520,15250,8498
4521,17159,43480
4522,12980,24998
4523,14206,19199
4524,14129,30969
4525,12911,25500
4526,18422,16475
4527,17113,15850
4528,15224,10690
4529,13607,28990
4530,16022,14900
4531,16584,16771
4532,15855,13647
4533,12569,27499
4534,14088,27000
4535,15955,28490
4536,14137,37500
4537,15477,44450
4538,16711,15200
4539,19208,17970
4540,17544,5495
4541,15944,5480
4542,12146,3295
4543,17037,34000
4544,16737,22995
4545,16574,14990
4546,12984,15999
4547,19492,69995
4548,17419,12995
4549,13745,27998
4550,15552,10499
4551,14895,16170
4552,15288,16500
4553,14268,14062
4554,14939,67899
4555,19174,19998
4556,19462,11995
4557,15920,18400
4558,13381,16985
4559,16163,11325
4560,17163,11700
4561,16683,15299
4562,12057,11500
4563,15171,14500
4564,18477,35950
4565,13523,14499
4566,14374,8460
4567,17838,10109
4568,17627,8998
4569,15490,16490
4570,16134,18099
4571,13829,37900
4572,15200,139995
4573,15110,43000
4574,13192,8490
4575,16646,3990
4576,14169,4942
4577,19053,21600
4578,12995,1990
4579,12012,48000
4580,18335,14490
4581,13228,40990
4582,12419,14800
4583,17989,13749
4584,16150,14495
4585,16717,9950
4586,19583,11091
4587,12686,35995
4588,18411,7640
4589,17122,17690
4590,12375,13380
4591,12431,35995
4592,13222,20995
4593,18838,37499
4594,14714,11498
4595,13392,10200
4596,19135,44890
4597,14346,40900
4598,16448,23295
4599,12131,3690
4600,16384,27990
4601,18822,18995
4602,13336,50576
4603,17745,5200
4604,14571,16500
4605,15982,27000
4606,17776,39495
4607,12099,59988
4608,19048,36995
4609,19080,28945
4610,15214,3500
4611,19260,9995
4612,13391,12291
4613,14412,16937
4614,18516,37980
4615,17263,10999
4616,14996,13399
4617,13212,46950
4618,16940,10500
4619,18755,11736
4620,13418,8995
4621,17588,28990
4622,14356,18250
4623,14690,19899
4624,16981,13799
4625,16210,20498
4626,18175,61875
4627,15872,18499
4628,16306,2695
4629,12241,10998
4630,14841,52000
4631,14081,18500
4632,18188,4895
4633,19602,10990
4634,12898,24985
4635,18898,20500
4636,17957,62990
4637,12185,37990
4638,19283,13499
4639,14834,5698
4640,19013,14890
4641,16647,4950
4642,18889,17450
4643,18723,32995
4644,16742,34480
4645,13359,10490
4646,14244,47990
4647,15042,5490
4648,12307,19000
4649,13570,24490
4650,16783,9991
4651,18850,8498
4652,17521,4990
4653,12273,34763
4654,13045,12990
4655,13521,55991
4656,15166,24961
4657,17782,7360
4658,14025,13295
4659,15067,10000
4660,14798,67000
4661,17346,9500
4662,18834,3995
4663,18763,17499
4664,17899,12000
4665,13269,17861
4666,13009,8995
4667,14497,22000
4668,16888,10495
4669,17033,13498
4670,19374,8391
4671,18275,5588
4672,16761,20000
4673,17031,7994
4674,13172,17900
4675,13582,36999
4676,15050,29250
4677,18279,18000
4678,12005,2395
4679,12867,9995
4680,14961,13980
4681,13158,28945
4682,18008,10000
4683,13015,64652
4684,16092,16991
4685,16432,46990
4686,18980,21999
4687,14618,8791
4688,16810,42888
4689,13557,13990
4690,19169,9995
4691,14136,47749
4692,12480,23495
4693,16527,35590
4694,19448,30995
4695,12176,11990
4696,12852,16495
4697,17542,51995
4698,14441,26491
4699,14585,15899
4700,14799,3820
4701,15102,10495
4702,18641,15980
4703,14368,12700
4704,13167,8430
4705,17394,29995
4706,13809,27000
4707,15227,38995
4708,15663,10199
4709,17172,18999
4710,13082,35995
4711,16442,10495
4712,12973,12995
4713,13110,55970
4714,12599,17500
4715,16774,27998
4716,16485,11250
4717,12159,7699
4718,14717,16499
4719,13760,17980
4720,16268,15491
4721,15097,39450
4722,14740,23499
4723,15354,6995
4724,18403,20550
4725,12234,14999
4726,18291,33000
4727,14253,12995
4728,15080,22000
4729,14864,6641
4730,17453,13751
4731,19295,8750
4732,14660,28000
4733,16555,6695
4734,12391,10857
4735,14296,20450
4736,19353,14295
4737,16081,30990
4738,15065,1795
4739,15304,42490
4740,18268,36850
4741,12260,14995
4742,15083,13295
4743,13843,12190
4744,14348,22315
4745,14179,13550
4746,14735,4795
4747,13258,45995
4748,12427,26578
4749,12192,20950
4750,13488,10998
4751,15534,17500
4752,16414,35989
4753,13193,4495
4754,13445,22646
4755,16802,14698
4756,13810,17995
4757,12101,19995
4758,13023,27998
4759,12771,19230
4760,13241,11395
4761,17333,23162
4762,15811,26490
4763,16009,18680
4764,14551,17750
4765,18552,18490
4766,16630,15998
4767,18108,9998
4768,14415,11499
4769,13268,30998
4770,13401,59999
4771,16607,17490
4772,18388,7000
4773,12617,23998
4774,17819,10499
4775,15586,32989
4776,18250,2495
4777,14695,19990
4778,13664,13490
4779,16566,30990
4780,14521,11998
4781,14437,4391
4782,15367,21398
4783,14323,54994
4784,16005,7250
4785,13036,44999
4786,12940,39995
4787,14803,19995
4788,16294,18650
4789,12257,33990
4790,13643,8250
4791,13763,17950
4792,18550,32494
4793,18560,23900
4794,17305,19490
4795,13544,55000
4796,19383,10290
4797,13481,9500
4798,18407,74500
4799,15612,40995
4800,13185,18995
4801,12769,21982
4802,16920,17991
4803,18859,32380
4804,12540,6995
4805,17717,13498
4806,17014,5490
4807,13103,62995
4808,18974,9800
4809,16777,10975
4810,16094,39950
4811,18496,19998
4812,12349,6099
4813,17890,15200
4814,19027,7769
4815,19601,14106
4816,18102,48500
4817,14531,21495
4818,14328,74226
4819,16962,30972
4820,19017,59995
4821,18100,40980
4822,16204,31990
4823,13300,12800
4824,12611,15652
4825,18087,2890
4826,16929,18998
4827,16571,36995
4828,14948,10498
4829,12473,21495
4830,18105,39995
4831,17242,21490
4832,14767,24945
4833,18669,13498
4834,15930,21944
4835,14752,48898
4836,13798,11912
4837,13601,9250
4838,12791,9698
4839,18712,29930
4840,14198,18500
4841,16200,2990
4842,12748,15280
4843,15605,1295
4844,14646,10030
4845,12130,7699
4846,15169,17700
4847,17657,27999
4848,16149,7398
4849,16186,16240
4850,18488,8750
4851,14761,22950
4852,18384,18170
4853,15086,21950
4854,12447,31390
4855,15240,8888
4856,18057,27998
4857,17457,45990
4858,16924,38980
4859,16478,12485
4860,16842,19490
4861,15833,18448
4862,14188,56000
4863,14565,5995
4864,17996,39500
4865,12863,43990
4866,18947,10990
4867,13288,3995
4868,17849,44490
4869,15179,38750
4870,19554,41298
4871,14229,3990
4872,14426,2995
4873,17164,14480
4874,13078,19499
4875,12162,25890
4876,15241,10277
4877,14060,37900
4878,15357,30000
4879,14439,14800
4880,18824,25990
4881,17395,54994
4882,15967,17495
4883,18377,4995
4884,14589,18485
4885,17285,6597
4886,12717,10895
4887,18020,17481
4888,15752,57890
4889,14730,19997
4890,12372,11795
4891,14672,20800
4892,14393,3650
4893,17920,23155
4894,12168,48999
4895,16497,5395
4896,18839,19050
4897,13463,5995
4898,17618,58450
4899,19242,56991
4900,18956,36995
4901,12322,19698
4902,17133,10990
4903,12341,14790
4904,18688,18500
4905,15759,21999
4906,13879,42950
4907,16312,7498
4908,14885,12295
4909,14471,16521
4910,13660,17498
4911,16496,20800
4912,15782,8689
4913,17895,35480
4914,15975,7990
4915,12994,6300
4916,14489,10500
4917,17038,22995
4918,16969,11040
4919,14862,40990
4920,18761,4495
4921,19447,10650
4922,19008,13302
4923,17962,17600
4924,15561,16890
4925,16989,45640
4926,14583,11400
4927,18924,29490
4928,18011,5990
4929,17959,30970
4930,14017,4750
4931,19594,19991
4932,12361,27950
4933,17590,10149
4934,12087,16482
4935,18704,14990
4936,15376,15990
4937,13309,15490
4938,16303,17990
4939,15906,41990
4940,12932,5999
4941,12126,104948
4942,12528,15500
4943,14815,24497
4944,12045,42500
4945,16856,17495
4946,18932,19980
4947,17810,8995
4948,13943,22000
4949,12097,23450
4950,14043,18995
4951,14973,32995
4952,13412,24816
4953,14104,14995
4954,19468,23490
4955,16898,17999
4956,14416,28900
4957,15453,8998
4958,14666,23198
4959,15135,14900
